review,sentiment,prediction
我 的 孩子 很 喜欢 。 绘画 精美 ， 精彩 。 合适 1 岁 多 的 小宝宝 理解 。 我 的 孩子 看到 小熊 生日 的 时候 就 哼 生日歌 ； 看到 小猩猩 笑 别人 尿床 的 时候 ， 会学 着 小猩猩 捂着 嘴笑 ； 看到 小兔子 因为 掉 了 雪糕 ， 张大嘴巴 哭 的 时候 ， 会笑 ； 看到 小河 马 的 大嘴巴 ， 会 很 喜欢 地 摸摸 。 。 。 这样 有趣 的 阅读 时刻 数不胜数 。 这 套书 不错 。 不过 阅读 的 过程 中 ， 孩子 并 不是 能 马上 理解 的 ， 需要 爸爸妈妈 耐心 地 一遍 又 一遍 地 讲 。 呵呵 。 。 。,0,1
可能 是 那个 时代 的 真实写照 但是 我 有点 看不下去 看到 把 家里 钱 都 花光 房产 地产 全 输光 老爹 气死 的 这里 个人 无法 接受 这种 生活 状态 活着 应该 是 为了 让 生活 更好 ， 而 不是 让 生活 更差 没 兴趣 再 看 下去 了,0,1
  性能 一般   电源线 太粗 ， 和 机身 相比 有点 不配 。   价格 有点 贵 、 不过 三星 的 东东 一向 比 别家 贵    ,0,1
看 了 上 ， 很 是 一般 ， 没 动力 买下 下册 了 。,0,1
总体 来讲 ， 对 登封 的 印象 比较 差 ， 基本上 是 脏乱差 的 典型 ！ 酒店 的 设施 极端 简陋 ， 洗手间 里 连 浴帘 都 没有 ， 洗个 澡 满屋子 的 水 ！ 而且 ， 没有 挂 衣服 的 地方 。 酒店 里 的 餐厅 ， 竟然 不到 7 点去 就 已经 黑灯瞎火 了 。 总之 比较 阴暗 老旧 的 酒店 ， 条件 很 一般 。     不过 ， 地理位置 不错 ， 对面 是 超市 ， 还有 小吃 一条街 。      ,0,1
"  送 的 包 比较 普通 , 做工 也 不好 , 和 商城 上 99 块 那款 东芝 笔记本 包是 一样 的 , 希望 能 送 好点 的 包    ",0,1
我 买 了 一套 ， 是 送给 男朋友 的 妹妹 ！ 妹妹 拿到 很 开心 ， 立刻 开始 播放 ， 可 时不时 总是 卡碟 ， 并且 断断续续 的 ！ 好像 是 剪辑 的 ， 并且 剪 的 不好 ， 衔接 不上 ！ 送给 妹妹 ， 真是 好 没面子 ！,0,1
酒店 位置 很 偏 ， 大厅 很漂亮 ， 可是 房间 里 有 刚 装修 的 味道 ， 房间 偏暗 ， 床 也 偏低 ， 给 人 压抑 的 感觉 。 退房 后 酒店 反馈 给 携程 说 客人 没有 如期 入住 ， 也 让 客人 很 不 舒服 。      ,0,1
  右 手腕 那里 有 一个 口 ， 貌似 读卡器 扩展 口 ， 没 盖板 ， 难看 。   做工 马马虎虎 ， 本本 抱 在 身上 用 的 时候 会 觉得 手腕 磨 的 疼 ， 主要 是因为 边角 太锐 。    ,0,1
  个人感觉 散热 不是 很 好 ， 摸 起来 有 的 温手 ， 没 我 的 华硕 A8 的 散热 好 ， 另外 键盘 有点 硬 ， 间距 有点 下 ， 打字 还 有点 不 习惯 。 电源 管理 之类 的 附加 软件 不 多 。    ,0,1
  IBM   以前 的 笔记本 非常 的 好 ， 但 现在 的 外观 改动 太 大 ， 性能 方面 先不说 。 我 觉得 有 一个 我 非常 不能 接受 的 是 外盖 变成 了 钢琴 烤 漆 ， 一不小心 就 划一 道 ， 手一摸 就是 一个 印子 。    ,0,1
  如果 该 CPU 搭配 的 芯片组 也 能 升级 就 更好 了 ， 只是 价钱 就要 稍贵些 了 。    ,0,1
"  外形 显 笨重 ， T400 都 是 这样 的 吧 ？   另外 此 型号 没有 读卡器 ， 但是 有 两个 卡槽 可以 装 express , pcmcia   卡 。    ",0,1
概括 起来 ， 观点 还 不错 。 可是 语句 啰嗦 拖沓 到极点 ， 一个 问题 用 相同 的 语句 重复 N 遍 。,0,1
"怀着 期盼 的 心情 买 此书 , 拿到 手后 是 悔恨 啊 ! 极其 不 适合 孩子 , 图片 有些 扭曲 人品 ， 很 恐怖 ， 容易 给 孩子 造成 心理 阴影 ， 还是 要 给 孩子 比较 阳光 , 明朗 的 好 书籍 . 建议 当当网 再 推荐 时 , 请 仔细 挑选 ． ！ ！",0,1
  送 了 那么 多 东西 ， 还用 了 - 100 的 卷 ， 好 ！ ！ ！ ！ ！ ！ ！ ！ ！ ！ ！ ！ 1    ,0,1
"房价 非常 贵 , 几乎 没有 房间 可以 看到 对岸 的 象鼻山 . 送 的 水果 饼干 又 少 又 不 好吃 . 装修 很 低档 的 , 离 市区 很 远 , 附近 没有 吃 的 地方 , 吃个 米粉 都 要 打 的 去 市区 ! ( 附带 的 说 超难 打 ) ! ! ! ! 谁 想 烧钱 谁 去 住 这个 号称 桂林 第一第二 老旧 的 酒店              ",0,1
"写 的 还好 , 就是 看着 看着 就 不想 在 看 了 .",0,1
该 酒店 地段 不 方便 ， 超难 打车 ， 服务 不 到位 ， 酒店设备 有点 旧      ,0,1
"以上 的 评论 太好 , 让 我 有 购买 的 冲动 , 但 我 看过 后 , 还 没有 < 不 生病 的 智慧 > 好 呢",0,1
内容 太 简单 了 ， 重复 太 多 儿子 一岁 五个 月 ， 明显 对 这个 不敢 兴趣 。 更 喜欢 汤姆 系列 。,0,1
这 本书 是 我 08 年 所 读的书 中 ， 较 有 收获 之一 。 书中 的 一些 观点 打破 我 一些 惯有 观念 。 作者 将 二十岁 年龄段 里 出现 的 迷惑 作 了 一定 的 个人观点 解答 。 值得 处于 这个 年龄段 的 女孩 看看 。,0,1
"可能 是 女孩子 的 原因 吧 , 价格 偏贵 , 还 没有 达到 效果",0,1
感觉 太 一般 了 ， 绝对 没 推荐 的 那么 好,0,1
书 不错 。 就是 那个 速度 的     慢 的 要死,0,1
  预装 的 * * 系统 太 复杂 ， 不 适合 家用 ， 价钱 也 有点 高高 。   另外 就 剩太 完美 了 ！ ！ ！ 呵呵 ！    ,0,1
感觉 这个 故事 没有 介绍 里 的 那么 吸引 我 ， 但 绝对 不是 那个 年代 离 我 的 生活 遥远 的 关系 。 事件 里 的 主角 都 太 神话 了 ， 通篇 就 像是 恋爱 的 人 互相 说 的 情话 ， 绝对 是 一种 很 自我 状态 的 表达 ， 不是 很 喜欢 ~ 也 没有 很 感动 ， 故事 太 美好 了 ， 没有 缺陷 也 就 感觉 不到 真实 了 ~,0,1
"我 在 两家 500 强 跨国公司 工作 过 , 翻 了 翻 这 本书 大致 可以 还原 出 作者 的 真实 品行 和 生活 状态 , 土包子 就是 土包子 , 在 精神 层面 上 永远 变 不成 白领 的 这 本书 骗骗 2 - 3 线 城市 没见 过 外企 世面 的 人 大概 还 可以 , 在 上海 会 被 完全 无视 .",0,1
  重量 还是 有点 重 的 ， 不像 想象 中 的 那么 轻 ， 不过 放在 背包 里 也 感觉 不到 。 比 公司 里 的 Dell 轻 很多 ， 比 其他 上网 本 还是 要重 一些 的 。   只有 一个 内存 插槽 ， 不过 标配 的 1G 也 够用 了 。   Atom 的 性能 还 不是 特别 强大 。    ,0,1
因为 两岁半 的 儿子 非常 喜欢 车 ， 看到 大家 的 评论 ， 买 了 两套 外加 一本 本 系列 书 。 拿到 手上 的 第一 感觉 是 轻飘飘 的 ， 尽管 书 的 开本 很大 ， 但 纸张 一般 。 跟 它 的 价位 相差 太远 。 翻开 轱辘 轱辘 转 这 本书 ， 因为 当时 是 冲 这 本书 买 的 ， 果然 像 以前 很多 买家 评论 的 一样 ， 乱 ， 太乱 。 画面 太满 ， 情节 不 清晰 。 最 重要 的 是 很多 车 跟 我们 中国 的 完全 不符 ， 比如 ： 出租车 、 吉普车 ， 我 儿子 最 喜欢 的 皮卡车 ， 在 里面 没有 翻译 ， 多 翻译成 小 卡车 或 * * 运输车 。 对 他 来讲 比较 迷惑 ， 我 讲 起来 也 很 费劲 。 也许 我 的 孩子 太小 ， 不 适合 这 套书 。 总之 这 系列 书买 的 比较 不值 ， 性价比 太低 。,0,1
  发热 是 有点 大 ， 特别 在 玩游戏 的 时候 ， 显卡 有 70 多 ° C ， 不 知道 正常 不 正常 ！ 不 玩游戏 的 时候 50 ° C 左右 ， 还 算 可以 ！    ,0,1
这个 书 首位 的 排名 言过其实 ， 感觉 比不上 圈子 全套 。 1 ） 故事 里面 的 故事 很多 牵强 赴 会 ， 逻辑性 差 。 2 ） 如果 仅仅 是 上面 的 原因 ， 还 能 马马虎虎 接受 。 毕竟 有些 和稀泥 的 招数 在 实际 工作 中 还 有些 用处 。 看到 故事 尾巴 ， 感觉 笔者 匆匆 首位 ， 手忙脚乱 ， 极度 不负责任 ， 王伟 莫名其妙 的 失踪 实在 让 人 无法 理解 ， 虽然 你 主要 是 讲 职场 ， 但 故事 的 完整性 要 考虑 吧 ， 要 对得起 读者 吧 。 3 ） 逻辑性 差 的 书 不能 给 高分 ！ 不 推荐 买 ！,0,1
这 本书 ， 让 我 觉得 很 不 值得 买 。 关于 毕淑敏 的 犀利 洒脱 细腻 ， 在 这本 小说 中 无法 得以 体现 。 似乎 迎合 了 目前 一部分 低层次 读者 的 需要 ， 有些 媚俗 之 嫌 。 很想 退掉 。 因为 ， 我 直接 没有 看 完 。,0,1
没 我 想像 的 那么 好 ， 还行 吧 ， 我 儿子 看着 还 行,0,1
"不 喜欢 , 这样 的   写 的 方式 , 看 大家 都 买 , 所以 买 了 , 晕 啊 !",0,1
一般 的 书 。 。 。 。 。 。 。 。 。 。 。 。 。,0,1
读 此书 几章 ， 是 难 读完 ！ 内容 好像 是 * * * 宣传 的 东西 ， 叫 人 逆来顺受 ， 凡事 忍气吞声 ， 强调 调节 自己 的 心情 。 类似 阿Q 精神 自我 释然 。 读 本书 不能 让 人 精神 气爽 ， 更 不能 让 人 励精图治 ， 也 不 像 散文 让 人 清净 。 总之 超作 胜于 本书 价值 ！,0,1
这 是 我 帮 同学 订 的 ， 之前 我 已经 买过 一本 ， 挺不错 的 。,0,1
这 本书 适合 三岁 - 5 岁 小孩子 看 ， 我 儿子 已经 从会 听 ， 到 会 看 ， 现在 可以 绘声绘色 的 讲 给 我 听 了 ， 不错,0,1
"  集成显卡 , 玩 使命 召唤 5 等 要求 很 高 的 游戏 比较 卡 , 没有 高清 输出 , 用料 没有 以前 老款 结实 了    ",0,1
  USB2 个 一般 也 够用 ， 我 的 四个 ， 都 只用 的 上 2 个 ， 哈哈 ， 价格 要是 更加 低 就 好 了 ， 哈哈 ， 再 轻点 ， 瞄 上网 本去 。 没有 麦克风 。    ,0,1
位置 太难 找 了 ， 房间 设施 少 ， 功能 单一 ， 作为 商务 间 ， 没有 配备 电脑 ， 有点 遗憾 ～ ！      ,0,1
"最大 的 优势 是 距 火车站 很近 , 坐 公交 去 龙门石窟 、 关林庙 等 景点 十分 方便 。 宾馆 设施 太 陈旧 ， 电视 效果 差 。      ",0,1
  虽 至于 另外 的 那些 更是 不值一提 ， 选来 选去 三星 的 这款 不错 。 然 以前 用 的 三星 不好 ， 但 这次 不错    ,0,1
  东芝 第一次 启动 vista 的 过程 真的 是 太 冗长 了 。   要是 能 配有 东芝 的 包 就 更好 了 。    ,0,1
不 知道 为什么 。 我家 女儿 就是 不 喜欢 这 套书 。 我们 一起 看 的 时候 她 总是 跑 溜 了 。 似乎 这样 的 插图 和 乱七八糟 的 风格 她 不 喜欢 。 我 也 不 喜欢 这样 的 书 。 图画 不是 很 逼真 。 好多 英文单词 我 看着 都 不 认识 怎么 教 她 啊 。 可能 是 比较 适合 国外 的 小朋友 吧 。,0,1
  华硕 做工 有待 提高 ， 键盘 中部 略微 凸出 ， 不 影响 使用 。   其他 暂时 没 发现 什么 。    ,0,1
书 太小 了   拿到 手里 很 是 失望 本 以为 会 多么 精致 ~ ~ ~ 真的 是 适合 小孩 看 啊 可 很小 的 孩子 的 又 看不懂 还 不是 大人 给 小孩子 讲 所以 应该 精致 一点 才 好 价钱 还是 不太值 啊,0,1
  只有 2 个 usb 口 ， 而且 都 在 左侧 ， 有些 不 人性 ！ 光驱 接口处 有 很大 的 缝隙 ， 似乎 做工 不是 细致 到 让 人 满意 ！ 但 只 上网 和 打字 从不 玩游戏 和 看 电影 ， 也 足矣 ！    ,0,1
怎么 说 呢 ， 跟 这个 城市 一样 的 毛病 ， 脏 吧 。 交通 不算 便利 。      ,0,1
并 不如 介绍 中 的 好 ， 小孩 不 喜欢 ， 翻 一次 就 掉 一边 去 了,0,1
  屏幕 是 宽 屏 的 ， 所以 看起来 很小 ， 键盘 海 还是 手感 很烂 ， 没有 预想 的 好 ， 还 以为 惠普 改 了 呢 … … … … ， 后盖板 设计 严重 鄙视 ， 升个 内存 嗨哟 啊 从 键盘 拆掉 … … … …    ,0,1
可能 是 周总理 住 过   房间 比较 朴素   陈设 与 服务 简单   不过 早餐 丰盛      ,0,1
"看到 网上 的 热评 终于 忍不住 买来 一看 , 什么 东西 吗 , 完全 一副 显摆 样 老实 说 历史 确实 应该 可以 写 的 好看 但 似乎 不该 是 这个 样子 吧 , 反正 我 除了 看见 一些 新鲜 词汇 完全 没 觉得 好看 好玩 明明 惊险 曲折 的 战争场面 被 他 描述 的 寡淡 无味 人物性格 不是 通过 冲突 体现 出来 的 而是 硬生生 , 死板板 下定义 得 出来 的 总之 , 不 好看 , 没 水平 , 没 意义",0,1
"此 套书 我 感觉 不错 , 但 孩子 ( 三岁 ) 不太 喜欢 !",0,1
女人 ， 尤其 是 女孩 ， 心思 细密 ， 敏感 浪漫 ， 更 容易 好高务远 ， 一想 天开 。 这 本书 就是 让 女人 懂得 要 脚踏实地 ， 不要 心 高手 低 ， 也 不要 以为 爱情 会 是 幸福生活 的 全部 。 总的来说 还 不错 ， 但 我 更 喜欢 《 女人 的 幸福 与 什么 有关 》 ， 感觉 更 贴合 中国 女人 的 实际 。,0,1
觉得 里面 的 图画 有点 杂乱 ， 孩子 不是 很感兴趣 ！,0,1
  价格 还是 高 了 点 ， 上网 本 的 配置 办公 还 可以 ， 娱乐 性能 就 差 一些 了 ， 作为 用 了 超 低功耗 的 intel   Menlow 平台 ， 电池 持久力 有待 加强    ,0,1
看过 嘟嘟 和 巴豆 后 ， 就 觉得 这 本书 买怨 了 。,0,1
我 希望 出版社 能 把 原版 日语 也 写 上 就 好 了 。,0,1
"地点 偏僻 , 比较 难 找到 . 出租车 司机 都 不 知道 这个 酒店 的 . 早上 的 自主 餐 没有 什么 东西 的 , 用餐 环境 就 在 一个 走廊 上 , 环境 比较 差 . 一张 地图 要 10 元 钱 .      ",0,1
环境 不 怎样 ， 住 了 一天 就 换 了 ！ 性价比 不高 ， 服务 有待 改进 ！      ,0,1
锦江 贵宾楼 我 已经 入住 很 多次 了 ， 我 之所以 选择 它 ， 是因为 地理位置 好 ， 但是 服务水平 比较 差 ， 而且 餐饮 价格 也 不合理 。 并且 现在 装修 噪音 很大 ， 下次 我 是 不会 选择 了 。     宾馆 反馈   2008 年 1 月 7 日   ：   尊敬 的 宾客 ： 由于 酒店 近期 装修 改造 ， 给 您 带来 了 诸多不便 对此 我们 深表歉意 ！ 根据 客人 反馈 信息 ， 我店 对 房价 进行 了 调整 ， 还 为 入住 我店 的 客人 赠送 欢迎 水果 ， 房 内 免费 宽带 上网 等 增值 服务 ， 我们 将 秉承 “ 宾客 至上 ， 服务 第一 ” 的 宗旨 ， 竭诚 为您服务 ！      ,0,1
waste   of   my   money .     My   children   are   not   interested .,0,1
"不如 朋友 推荐 的 好 , 既 没有 阅读 性 亦 没有 甚多 的 心理学 知识 , 不 喜欢 .",0,1
  噪音 大 A 面 有点 太 轻飘 ， 塑料 感太强 。 打着 HP 的 牌子 做 的 却 不 像 大 品牌 做 出来 的 东西 。 个人 推荐 宏基 ， 此机 配置 虽高 但 与 价格 不符 ， 不值 。 本人 推荐 不要 光 追求 大 品牌 。 华硕 和 宏基 就 比 HP 强 --- 起码 在 做工 和 声燥 方面 。    ,0,1
"这 套书 是 我 买 的 最 失败 的 一套 , 自已 拿到 书 就 觉得 里面 确实 有点 乱 , 色彩 也 不是 很 鲜艳 的 那种 , 可能 外国 文化 和 中国 文化 还是 有 很大 差异 吧 ! 反正 孩子 就是 根本 都 不 愿意 翻 ! 不 知道 其它 的 宝宝 对 这 本书 的 反映 如何 ? ?",0,1
看过 嘟嘟 和 巴豆 后 ， 就 觉得 这 本书 买怨 了 。,0,1
看起来 我 的 孩子 暂时 不会 喜欢 这 套书 ！ 信息量 太 大 ， 孩子 不 喜欢 密密麻麻 的 小字 ！,0,1
  有些 厚重 吧 ， 这 跟 京东 没关系 ， 呵呵 ， 毕竟 只花 3999 元 银子 嘛 ， 这个 价格比 市面 要 低 ！    ,0,1
  唯一 点 就是 笔记本 贴膜 没贴 好 ， 漏 了 很多 空气 ， 估计 把 膜 揭掉 会 很漂亮 ， 现在 还 不 舍得 ， 先用 着 ， 保护 本本 重要 … …    ,0,1
这 是 我 第二次 住 该 酒店 ， 感觉 明显 不如 以前 了 ， 看来 酒店 的 管理 不够 。      ,0,1
很多 人 对 这 本书 评价 很 高 ， 我 只能 说 这 本书 不 适合 我 看 啦 ， 大概 浏览 了 一下 ， 觉得 书里 讲述 的 都 是 早已 知晓 ， 不用 提及 的 东西 ， 就 没有 兴趣 看 下去 了 ~,0,1
本想 卖 给 朋友 作为 英语 入门 的 教材 ， 没想到 效果 不佳 ， 中英文 夹杂着 阅读 确实 不太 习惯 ， 还好 是 买 了 第一册 。,0,1
这是 一本 小说集 ， 好多 章节 故事 ， 我 都 已经 看过 了 。 书 印刷 还是 不错 的 。 但是 还是 买 整套 的 好 ， 有点 后悔 。,0,1
  硬盘 在 频繁 读取数据 时有 轻微 的 卡卡 响 ， 处理器 换 t6400 更好 ， 价格 可 再 降    ,0,1
"服务 基本上 没有 ！ 非常 失望 ， 其 酒店 的 服务 和 周围 的 优雅 环境 很 不相称 ...   总而言之 , 非常 失望 , 更 不用 谈   性价比 了 .      ",0,1
"  键盘 太 拥挤   按着 不太 舒服 ,   也 容易 按 错键 .   不过 这 体积 大概 也 只能 这样    ",0,1
酒店 环境 非常 一般 ， 感觉 只是 2 星级 的 ， 酒店 外观 比较 旧 ， 店内 装修 比较 差 。      ,0,1
性价比 太 差 ， 大堂 不 气派 。 房间 一般 ， 服务 一般 ， 以后 不会 住      ,0,1
面前 就是 高架 ， 实在 是 太 吵 了 ， 一 晚上 没睡 ！     宾馆 反馈   2008 年 7 月 7 日   ：   您好 ！   首先 很 报歉 您 一 晚上 未 休息 好 ， 北虹路 店 是 邻近 中环 的 ， 面前 是 中环 高架 ， 白天 的 时候 车会 多一点 ， 但是 20 点 以后 中环 的 车 就 会 很少 的 ， 我们 房间 的 隔间 效果 还是 可以 的 ， 只要 把 窗户 关上 ， 基本上 就 没有 很大 的 声音 的 ， 并且 住 我们 北虹店 的 客人 大多数 都 是 商务 客人 ， 房型 也 是 各异 的 ，   大多数 客人 喜欢 正面 朝 中环 的 房间 ， 因为 这种 房型 采光 较 好 ， 空气 的 流通性 也 很 不错 ！   但 我们 也 有 很 安静 面朝 小区 的 房间 ， 针对 各种 需求 的 客人 ， 您 下次 入住 时 我们 会 安排 您 入住 朝 小区 的 房间 ， 希望 您 再 给 我们 这样 的 机会 ！ 让 您 感受 如 家 “ 家 ” 的 气息 ！ ！      ,0,1
借助 一位 职场 精英 的 评价 来 表达 自己 对 这 本书 的 看法 吧 ： 可读性 还 不错 ， 对 刚入 社会 的 学生 特别 新鲜 。 可 对 一些 参加 工作 很多年 的 人 来说 ， 看上去 就 很 麻木 了 … …,0,1
"这家 酒店 太 让 我 失望 了 , 房间 小 的 简直 不能 再 小 了 而且 服务态度 一般 除了 天台 泳池 还 可以 以外 , 还 不如 住 海景 酒店 离天 后车站 又 近 价钱 又 便宜 , 下次 去 香港 我 肯定 不住 这家              ",0,1
  sis 芯片组 性能 一般 有点 拖累 了 整体 的 性能 ， 能用 gl40 就 好 了 。 散热 不是 很 均匀    ,0,1
河南人 就是 河南人 ！ 不 被 懵 一次 ， 那算 白来 一回 ； 在 全国 乃至 全世界 那种 叫做 经济 房 的 房间 ， 在 河南 济源 雅士 达 叫做 “ 贵宾楼 ” ， 真够 逗 的 ！ ！ ！      ,0,1
酒店 位置 距离 南苑 机场 打车 ￥ 31 元 。     性价比 差 。     建议 住 大红门 附近 ， 距 南苑 机场 近 些 。      ,0,1
在 电视 上 看到 于 老师 的 讲课 觉得 不错 买 了 这 本书 。 但是 我 想 说 ， 这 本书 没什么 收藏 价值 。 能 看电视 还是 看电视 吧,0,1
  体积 较大 ， 虽然 是 最早 上网 本 品牌 但 质感 较 惠普 dell 等 品牌 还有 差距 ， 鼠标 按键 和 快捷键 很 硬 很 难用 ， 基本 可以 放弃 触摸屏 。    ,0,1
并 不如 介绍 中 的 好 ， 小孩 不 喜欢 ， 翻 一次 就 掉 一边 去 了,0,1
  国产 代工 ， 电池 部分 设计 不合理 ， 装 上 电池 后 ， 与 键盘 平行 的 那 一面 有 一点点 高 起来 ， 有 可能 与 屏 接触 。    ,0,1
"给 父母 订 的 ~ 回来 说 房间 远 不及 盛华 的 , 早餐 也 不行 . 唯一 好 的 就是 在 风景区 内 了 ~      ",0,1
  电源适配器   时间 长 容易 烫   反映 速度 较慢     电池 充满 并 不是 介绍 中 的 9.5 小时 ， 而是 7 个 多 小时    ,0,1
经济 类 酒店 ， 所以 价格 适中 。 酒店设施 服务 就 一般 了 。 虽然 在 亚龙湾 ， 但是 交通 十分 不 方便 ， 下次 还 不如 住 在 市区 。      ,0,1
性价比 还 不错 ， 门面 很 不起眼 ， 房间 的 设施 还好 ， 白天 也 不会 太吵      ,0,1
标间 面积 实在 太小 ， 卫生间 都 转 不 开身 。 客房 服务 很 一般 ， 好 在 打电话 后 态度 尚可 。 值得称赞 的 是 它 家 的 咖啡厅 环境 不错 ， 中餐厅 口味 还好 。      ,0,1
书 还是 新 的 ， 读 不 下去 。 主角 是 女性 ， 工作 环境 是 跨国公司 ， 没点 共鸣 ~ 实在 看不下去 ~ 也许 是 好书 ~ 也许 是 大家 太 捧 ~ 不 喜欢 ~,0,1
儿子 相当 不 喜欢 这 本书 ， 就 看 了 两页 ， 在 也 不 看 ， 对里 的 某些 画面 有些 恐惧,0,1
价格 还 可以 ， 位置 也 不错 ， 就是 房间 装修 太旧 了 ， 也 不 干净 ， 还有 异味 ！      ,0,1
我 儿子 很 喜欢 。 如果 可 分开 有 选择 买 哪册 ， 会 更好 。,0,1
  价格 没有 优势 ， 因为 不送 东西 。 自己 买 完后 和 在 电脑城 买 差不多 。 不过 自己 买 的 鼠标 ， 包呀 可以 自己 选择 也 不错 。 那有 那么 多 好事 都 让 你 给 遇到 呢 。    ,0,1
书 的 翻译 语言 一般 ， 读 起来 不 朗朗上口 。 我 是 看 了 评论 才 买 的 ， 但 事实 并 不是 如此 ， 也 没有 太多 的 科学 道理 。 不 值得 买 。,0,1
我 希望 出版社 能 把 原版 日语 也 写 上 就 好 了 。,0,1
这 本书 我 之前 就 评价 过 了 。 结果 发现 ， 因为 我 手误 ， 买 了 两套 ， 居然 。 我 的 钱 啊 ~ ~ ~ 所以 ， 再 评价 一次 ！ 我 真的 真的 很 后悔 买 这 套书 ， 尤其 ， 居然 买 了 两套 。 肠子 都悔青 了 。 那么 多 穿越 的 书 ， 我 买 的 时候 也 都 是 挑 的 口碑 和 等级 高 的 。 可见 ， 众口难调 ， 口碑 好 也 不 一定 取悦 所有人 。 这个 故事 是 我 看 得 穿越 中 最 没有 逻辑性 的 。 。,0,1
  某些 细节 还有 改进 的 余地 ， 钢琴漆 面 好看 ， 但 太 容易 脏 ， 还是 磨砂 的 好 一些 ， 电池 是 4 芯 的 ， 续航 时间 还是 短 了 一点 。    ,0,1
  没有 其他 颜色 选择 。 送货 的 圆通 服务 真是 一般 ， 只 送到 楼下 ， 以前 京东 用 邮政 快递 的 送到 到 家门口 的 。    ,0,1
  我 买 了 只 过 了 一天 ， 另 一款 类似 配置 ， 但 更 高 的 型号 竟然 降价 后 的 价格比 这 款 便宜 好多 。 买 亏了 ！ ！ ！    ,0,1
书中 有 7 页 的 缺页 ， 确切的说 是 7 页 的 白纸 ， 你们 倒 是 省墨 了 ， 可苦 了 我 ， 看起来 没有 连贯性 ， 有时 不知所云 ， 故事情节 连不上 ， 让 人 非常 的 讨厌 。,0,1
看 了 一点 &# 183 ; &# 183 ; 就 没 看 了 &# 183 ; &# 183 ;,0,1
酒店 周围 倒 是 很 安静 ， 偶尔 还有 出租车 停近 院子 。 酒店 比较 旧 。 早餐 很 早就 结束 了 ， 好像 9 点 吧 ， 感觉 每天 都 要 赶时间 去 吃 早餐 。      ,0,1
正如 这 本书 的 介绍 一样 ， 是 家长 不 喜欢 的 书 ， 书中 的 主角 设计 的 很 难看 ， 孩子 看 了 居然 哭 了 。 内容 很 简单 ， 简简单单 十几页 全是 一些 家长 不让 孩子 做 的 行为 ， 不 知道 大点 的 孩子 看 了 是 会 学习 大卫 的 做法 还是 能够 从中 学习 而 不 这么 做 ？,0,1
买回来 有 一段时间 了 ， 我 三岁 的 孩子 不 爱看 。 一方面 里面 的 卡通 造型 不 甚 简洁明了 ， 一方面 很多 东西 确实 在 我们 中国 人 的 习惯 中 没有 出现 ， 所以 没法 给 孩子 解释 。 还有 就是 书中 所用 的 名字 及 语言 方式 ， 孩子 不 习惯 。 不 知道 为什么 这 套书 还 在 畅销书 第一名 ， 我 周围 的 孩子 家长 都 冲着 名气 买 了 ， 都 在家 闲置 。,0,1
酒店 周边 比较 繁华 ， 对面 有 必胜客 。 服务 热情 还 可以 ， 设施 就 不是 一般 的 差 ， 第一个 房间 网口 坏 了 不能 上网 ， 换个 房间 ， 水 蓬头 不 出水 ， 郁闷 ， 各位 还是 不要 去 了 。      ,0,1
一般 一般 一般 一般 一般 一般 一般 一般 一般,0,1
破书 啊 呸 ， 真是 一本 破书 ， 孩子 看 了 直接 吓哭 了 。 大卫 画 的 跟 骷髅 一样 。,0,1
书中 的 语句 不 知道 是 翻译 的 问题 还是 作者 表达 的 问题 ， 让 人 觉得 有点 别扭 ， 作者 提出 的 有些 观点 也 不能 认同,0,1
  小 的 细节 有待 提高 ， 当然 不能 和 sony   富士通   ibm 比   要是 屏幕 是 16 ： 10 的 1280x800 就 更好 了    ,0,1
很 一般 的 书 ， 女儿 不是 很 喜欢 ， 看 介绍 买 的 ， 以为 应该 不错 的 ， 但是 拿来 一看 ， 故事 不是 很 有趣 ， 卡通 的 形象 也 一般 ， 比较 呆板 ， 女儿 似乎 只有 刚 买来 时候 有些 热情 ， 翻开 一看 就 没有 热情 了 。 可能 是 文化 不同 导致 的 吧 ， 国外 畅销 的 ， 呵呵 。 相 比较而言 ， 女儿 还是 非常 喜欢 嘟嘟 熊 系列 的 书 。 有 一个 问题 必须 提 一下 ， 比较 让 人 反感 。 作为 儿童读物 ， 尤其 是 幼儿 读物 ， 请 出版社 能 不能 控制 一下 油墨 的 质量 ， 比较 这书 的 价格 很 高 了 ， 哪怕 是 在 儿童读物 里 ， 但是 油墨 的 味道 还是 这么 呛 人 ， 味道 太大 了 ， 我 看 都 觉得 熏眼 ， 孩子 那里 会 愿意 拿 啊 ！ 我 放在 客厅 里 1 个 星期 味道 才 基本 可以 拿 来看 不 呛 人 了 。 用 这种 油墨 印 幼儿 读物 有些 太 什么 了 吧 ？,0,1
"看 了 一般 就 送 人 了 , 看 不 进去 了 , 呵呵",0,1
  外观 一般 。 笨重 ！   用 了 2 天 ， 感觉 音质 一般 ， 没有 介绍 的 那样 出色 。   触摸板 离 键盘 近 ， 打字 挺 容易 碰到 ！ 还 没有 习惯 ！    ,0,1
在 五星 排行榜 上 挑到 的 这 本书 ， 买回来 以后 发现 不但 宝宝 不 喜欢 ， 连 我 自己 也 读 不 懂 ， 跳跃 的 思维 ， 难懂 的 文字 ， 真的 不 知道 怎么 会 有 那么 多人 给 它 评 五星 呢 。,0,1
我家 宝宝 快 两岁 了 ， 这 套书 对于 她 来说 太 简单 了 ， 没有 吸引力 ， 我 是 看 了 大家 的 评论 才 买 的 ， 不太 理想 。,0,1
酒店 比较 旧 ， 不 符合 四星 标准 ， 出行 不是 很 方便 。      ,0,1
  有点 厚重 。 显卡 不是 独立 的 ， 是 集显 ， 如果 玩 大型 网游 的 ， 建议 买 独显 的 。    ,0,1
本来 心理 是 我 很感兴趣 的 范畴 ， 最初 看 毕淑敏 的 几本书 都 还 不错 ， 就 买 了 上下 两本 。 结果 好不容易 看 完 了 ， 觉得 特别 特别 没意思 。 想 悬念 一下 没 成功 ， 想 扫盲 一下 没 成功 ， 想 讲个 故事 也 索然 无趣 。 什么 收获 都 没有 ， 太 失望 了 ！ ！ ！,0,1
房间 还 不错 ， 够 大 ， 不过 床头 有 部分 发霉 的 迹象 ， 218 元 的 价格 还是 太贵      ,0,1
  机器 的 配置 没得说 ， 就是 反应 比较慢 一点 。 钢琴 烤 漆 有点 爱 沾 灰尘 。    ,0,1
一般 吧 ， 和 教课 书 一样 ， 人物 只有 作者 的 性格 没有 自己 的 性格 ， 纪实 总结 小说 ， 呵呵,0,1
  其它 配置 还算 好 ， 不过 1G 内存 运行 VISTA 肯定 不够 。 正版 系统 却 不带 VISTA 的 光盘 ， 让 人 不能 接受 。    ,0,1
"我 是 看 了 很 久 的 评论 才 决定 买 的 , 拿到 书 , 很 失望 , 我 感觉 里面 的 小鸡 们 的 名字 都 太 难念 了 , 我 都 记不清 , 读 不顺 , 更何况 是 3 岁 不到 的 女儿 呢 ? 画面 看起来 也 比较 乱 , 我读 着 那些 名字 也 不顺 , 而且 里面 的 故事 对于 2 岁 多 的 孩子 来说 , 一点 吸引力 都 没有 . 只有 放到 一边 了 . 相反 , 我 后来 买 的 那套 < 淘气 的 小格 > , 女儿 就 非常 喜欢 , 缠 着 我 讲完 里面 的 故事 后 , 还会 自己 拿 着 翻来翻去 的 看 . 她 在 量 身高 的 时候 惦 起脚 的 时候 , 还会 说 : 小格 就是 这样 的 . 在 她 看来 , 调皮 的 她 就 跟 淘气 的 小格 一样 , 小格 做 的 淘气 事儿 , 她 很多 都 做 过 , 很 有 共同 感 哦 . 向 大家 推荐 !",0,1
  风扇 声音 不小 ， 间歇性 的 ； 这 款 机器 在 开机 键 那 是 没有 一小 行 触摸屏 ， 购买 请 注意 ； 本本 扬声器 一般 ， 我 宿舍 女生 买 了 个 东芝 的 ， 音效 不如 她 的 那个 ， 但是 综合 比 起来 我 的 要 漂亮 的 很多 ， 哈哈 ， 有 很大 安慰    ,0,1
酒店 的 感觉 比较 旧 ， 应该 是 装修 的 时间 比较 长 了 吧      ,0,1
"设施 还 将 就 , 但 服务 是 相当 的 不 到位 , 休息 了 一个 晚上 我 白天 出去 , 中午 回来 的 时候 居然 房间 都 没有 整理 , 尽管 我 挂 了 要求 整理 房间 的 牌子 .              ",0,1
用 调侃 通俗 的 手法 写 明朝 历史 ， 既 普及 了 历史 ， 又 让 读者 享受 了 阅读 的 快感 ， 谢谢 当年 明月 ， 太有 才 了 ！,0,1
  相比 去年 购买 的 CQ 系列 来讲 ， 做工 存在 明显 的 下降 。 而且 装 系统 十分 的 麻烦 ， 全部 装完 之后 还是 无法 解决 无 开机 音乐 的 问题 ， 不过 这 完全 是 惠普公司 的 问题 。 要不是 同学 坚持 ， 我 是 不会 推荐 她 买 惠普 的 。    ,0,1
  该死 的 亮点 一个 ，   没有 操作系统 或者 是 我 不会 弄 ，   京东 的 送货 速度 啊 ！ ！ ！ ！ 不 说 了    ,0,1
"  重量 偏重 , 今晚 用 出现 网络连接 不上 的 问题 , 后 又 恢复正常 , 不 知道 还会 不会 出现 这种 现象    ",0,1
"房间 的 环境 非常 差 , 而且 房间 还 不 隔音 ， 住 的 不 舒服 。      ",0,1
客房 和 前台 服务 都 不错     但 酒店 太 陈旧 ， 房间 不如 一般 3 星 宾馆 ， 阳台 卫生间 极小     位置 也 不好 ， 花园 泳池 都 很小     尤其 要说 的 是     酒店 花园里 的 餐厅 ， 叫 东海 渔家 还是 东海 渔村 的     太黑 了     市场 8 元 一斤 的 海瓜子 ， 他 卖 50 元 一斤 ， 还少 秤     味道 也 差     一盘 炒 黄瓜 要 18 元     根本 是 露天 排档 的 环境 ， 桌子 都 脱漆 摇晃 了     很 过分      ,0,1
这 几天 旅行 中 也 在 看 《 杜 拉拉 升职 记 》 ， 的确 是 值得 推荐 的 职场 读物 。 虽然 是 虚拟 的 ， 但 很多 skill 是 可以 在 实际 生活 中 运用 ， 既 是 不 完全 运用 ， 也 可以 做 参考 和 借鉴 。 看 完 之后 ， 觉得 比较 受用 。,0,1
"买 了 几套 , 女儿 一套 , 其他 的 送给 了 女儿 的 好 朋友 . 大家 都 很 喜欢 看 .",0,1
酒店 涨价 了 ， 可是 性价比 并 没有 国内 如家 的 好 ！ 不 知道 酒店 啥 原因 价格 比如 家 还 高点 ， 总体 来说 还是 比如 家 差点 ！      ,0,1
书 的 质量 不错 ， 印刷 精美 ； 内容 可读性 较强 ， 基本 没有 错别字 ， 但 检察院 写成 了 检查 院 ， 故事 也 过于 理想化 ， 特别 是 岱 西 与 公司 、 王伟 等 人 的 冲突 ， 某些 情节 不 符合 逻辑 。,0,1
"个人感觉 ：     1 、 条件 差 ， 房间 小 。     2 、 服务 不 到位 。 钥匙 老是 需要 到 大堂 刷卡 。     3 、 楼下 是 KTV , 很 吵 。     总体 感觉 ： 便宜 没好 货 。     边上 的 星宇 大酒店 真的 是 物超所值 。      ",0,1
"以 现代 商业性 的 语言 调侃 历史 , 看 了 第一页 就 放下 不想 再 看 . 以 历史 内容 来说 , 做到 类似 于 罗贯中 的 < 三国演义 > 或是 二月河 的 < 雍正皇帝 > 等 那样 的 演绎 也 就算 到 了 极至 . 程度 再进一步 的 调侃 , 给人以 歪 批戏 噱之感 , 是 对 历史 的 不 尊重 , 让 人 对 其 内容 的 真实性 有 很大 的 疑问 . 如果 是 普通 的 小说 , 诙谐 幽默 是 可以 的 . 在 历史 问题 上 如此 铺陈 , 让 人 难以 接受 . 凡此 总 让 人 感觉 , 时 下 读书 的 氛围 愈发 的 浮躁 . 肯 静下来 潜心 读书 的 人 , 实在 是 越来越少 , 也 无怪 出版 机构 和 作者 们 在 其他 要素 上 顺应 这种 趋势 , 而 在 书籍 本身 的 内容 要素 上 , 偏偏 越来越 忽视 了 .",0,1
"  有点 重 ， 是 个 遗憾 。 能 买 这么 小 的 笔记本 ， 就是 希望 可以 方便 携带 。 尺寸 是 OK 了 ， 要是 再 轻薄 些 就 更 完美 了 。 没有 光驱 的 说 ， 所以 华硕 有待 改善 。 然后 就是 外壳 虽然 是 烤 漆 的 ， 很漂亮 （ 请勿 触摸 ） , 因为 一 触摸 就 会 留下 指纹    ",0,1
女儿 不 喜欢 ， 个人 觉得 画 还 可以 ， 就是 字 太小 了 ， 开本 也 较 小 。,0,1
  塑料 的 感觉 明显 。   但是 从 性价比 来 考虑 ， 已经 算是 不错 的 选择 了 。    ,0,1
我 的 宝宝 2 岁 3 个 月 ， 正是 说 什么 就学 什么 的 时候 ， 这 套书 我 已经 封杀 了 ， 等 他 明白 什么 是 好 坏话 的 时候 再 拿 出来 读 。 里面 宝宝 不宜 学 的 词太多 。 我 是 一套 让 人 失望 的 书,0,1
没有 什么 内容 的 一 本书 ， 也 没有 什么 特别 的 观点 。 无非 是 简单 的 故事 拼凑 ， 加上 几句 空洞 的 说教 ， 无趣 得紧 。 如果 非要 买 ， 建议 16 岁 以下 的 可以 尝试 看看 。 16 岁 以上 的 ， 就免 了 吧 ， 里面 讲 的 ， 我们 应该 都 已经 经历 和 体会 了 。 如果 还 没有 经历 和 体会 的 ， 那么 相信 我 ， 看 这 本书 也 不能 改变 你 什么 的 。 本书 最 精华 的 部分 是 陈雅琳 写 的 序 ， 倒 是 真实 得 多 。 “ 请 忠于 自己 所 认定 的 幸福感 ” ， 是 这 本书 给 我 留下 印象 的 唯一 一句 话 。,0,1
這本書 真的 很 一般 ， 剛開始 看 就 感覺 沒什麼 意思 ！ 不喜歡,0,1
  键盘 手感 差 ， 整体 做工 一般 不如 HP ， 发票 质保 期写 的 是 “ 无 ” ， 不 清楚 质保 期 。    ,0,1
我 给 6 岁 的 女儿 买 了 一套 ， 还有 最新 出 的 第七册 ， 她 非常 喜欢 ， 书 她 在 幼儿园 已经 看 了 其他同学 的 ， 可是 回到 家 还是 抱住不放 ， 看来 真是 不错 。 我 准备 再 买 一套 送给 朋友 的 孩子,0,1
听 了 老板 的 介绍 买 这 本书 ， 以为 里面 是 一些 适合 为 孩子 朗读 的 一些 小 故事 或 短诗 什么 的 ， 没想到 是 纯理论 。 做 为 一个 教育工作者 ， 我 当然 知道 在 孩子 启蒙 前为 他 朗读 是 有 很大 的 好处 的 啊 ， 所以 书 再 好 ， 也 觉得 对 我 没 啥 用 ， 翻 了 几页 就 丢 在 那 了 。,0,1
  对 宽 屏 不 了解 ， 现在 用 起来 极 不 舒服 ； 上下 距离 太窄 ， 宽度 又 太 宽 。 只 相当于 12 寸 的 屏 。 屏太亮 ， 而且 改了 设置 后 只要 重启 就 又 要 改    ,0,1
这位 姐姐 对 这 本书 几近 痴迷 。 我 不好 这 一口 ， 没有 耐心 看 它 。 纯粹 表扬 一下 这次 送书 的 效率 和 质量 。 起码 书 的 品相 不错 ， 好过 我 前 两次 购书 。 希望 以后 能 保持 。,0,1
可能 中外 文化 理解 差异 ， 可能 与 小孩子 太有 代沟 ， 不 觉得 怎么样 ， 还是 比较 喜欢 水墨画 一点 风格 的 漫画书 ， 但愿 我 女儿 长大 一点 能 喜欢 （ 22 个 月 中 ）,0,1
  样式 方面 其实 不太 满意 ， 不 好看 。 另外 一直 没 注意 这个 本本 不是 全 键盘 。 显卡 性能 不如 想像 的 好 。   键盘 好像 不 太平 ， 按 下去 的 时候 觉得 整个 键盘 板 都 在 动 。 做工 方面 也 不太精 ， 好多 地方 都 有 缝隙 ， 和 我 的 HP 比 做工 确实 差些 。    ,0,1
20 岁 的 女孩子 就 应该 有 20 岁 的 感触 这样 的 书籍 毫无意义,0,1
"酒店 除了 地理位置 靠近 火车站 ( 50 米 ) 以外 , 没有 任何 可圈可点 之处 了 , 房间 还 算 干净 , 但是 设备 和 面积 都 不是 很 符合 性价比 ,   卫生间 的 马桶 还有 时 堵塞 ;   房费 里 包含 的 自助 早餐 更是 差 ,   还 没到 早餐 结束 时间 , 所有 的 盘子 就 都 空 了 ,   只 剩下 咸菜 和 牛奶 了 ... 下次 不会 再 住 了 .      ",0,1
  重装 XP ， 但 有些 功能 就 无法 实现 了 ， 要是 直接 上 XP 系统 就 好 了 ； 机器 看着 小 ， 但 重量 有点 沉 ； 散热 还是 略 烫 ； 独显 还是 弱 了 点 ， 但 130M 的 机器 就要 贵 很多    ,0,1
作为 个人 经验 在 网上 谈谈 可以 ， 但 拿来 出书 就 有点 过 了 ， 书中 还 有些 明显 的 谬误 。 不过 文笔 还 不错 ， 建议 写写 散文 好 了 。,0,1
  说明书 太 简单 了 点 。 装机 自带 的 一些 软件 没有 任何 说明 。 希望 以后 服务 能够 做 得 再 细致 点 。    ,0,1
小 熊宝宝 我 觉得 孩子 不 喜欢 ， 能换 别的 吗,0,1
  跑 冰封王座 蓝屏 了 ， 还是 散热 不行 ， 经典 的 老 游戏 还是 都 没 问题 的   电池 没有 说 的 待机时间 那么 长    ,0,1
  还是 有点 贵 ， 要是 白色 和 黑色 一个 价格 就 好 了 ~ ~ ~ ~ 最好 再 送 膜 啦 ， 键鼠 啥 的 ， 那样 会 更 开心 点 ~ ~ ~ ~    ,0,1
我 儿子 很 喜欢 。 如果 可 分开 有 选择 买 哪册 ， 会 更好 。,0,1
是 看到 排行 才 买 的 ， 但是 书 既 大 又 乱 乱 。 没 一张 上 都 买卖 的 全是 画 。 我 不 喜欢 ， 但是 儿子 还 行 。 作为 讲故事 的 我 ， 看起来 没有 感觉 所以 也 就 无法 投入 。,0,1
为什么 没有 看到 随书 的 电视剧 主创人员 的 海报 ？,0,1
"看 了 评论 才 买 的 ,   结果 发现 不是 那么 的 好 , 不太 喜欢 这种 风格 , 儿子 也 不 喜欢 看 , 也许 女孩子 会 喜欢 这种 书吧 ?",0,1
拿到 以后 绝对 没有 什么 特别 吸引 我 的 地方 ， 所以 至今 还 没有 看 。 。 。 。,0,1
"周围环境 差 , 房间 设施 陈旧 . 房间 小 . 服务员 懒散 . 去 餐厅 很 不 方便 , 路线 复杂 . 早餐 贵 , 而且 没有 什么 可以 选择 的 种类 .      ",0,1
  处理器 再 强点 就 好 了 ， 当然 再 强点 就 不是 这个 价了 ， 显卡 的 显存 很 强大 ， 位 宽 很 不 强大 。 只有 包 ， 没有 鼠标 ，    ,0,1
酒店 外观 环境 还好 ！     进去 后 ， 一切 都 变得 很杂 ！     可能 是 娱乐场所 太 方便 了 ， 进进出出 都 是 小姐 与 妈咪 之类 的 （ 晚上 七 八点钟 ） ， 后面 的 发廊 液态 夸张 了 点 吧 ？ 绝对 不能 让 太太 们 以为 我们 常住 这种 酒店 ！     酒店 中午 和 早上 的 时间 环境 还 可以 ！     酒店 房间 楼层 还 算 可以 吧 ？ 但是 开着 门 打牌 的 房客 使到 整个 走廊 烟味 很 重 ！ 而且 进出 房间 楼层 的 人 也 很多 ， 感觉 有点 不 很 安全 。              ,0,1
  可惜 不带 系统   做工 设计 要是 能够 比比 sony 就 好 了 ， 但是 一分钱 一分货 吗    ,0,1
网上 介绍 的 比较 好 ， 但是 实际 却是 另一番 现象 。 交通 非常 不便 ， 晚上 除非 包车 ， 否则 根本 没法 出行 ； 另外 酒店 性质 为 居家 酒店 ， 服务态度 、 服务质量 比较 一般 ， 周围环境 也 没有 传说 中 的 那么 诗意 化 。 如果 想 体验 农村 生活 的话 可以 一住 ， 否则 可以 考虑 阳朔 街上 一带 的 住宿 。              ,0,1
我 是 耐 着 性子 看 完 的 ， 无非 是 为了 多一点 谈资 罢了 。 这样 的 书 也 会 流行 ， 说明 我们 大众 的 阅读 水准 还 真 不怎么 地 ！,0,1
  屏 的 分辨率 最高 1440 * 900 。 字体 小 但 很 细腻 。 有点累 眼 。 调到 1280 * 768 后 ， 字体 等 不 细腻 了 。    ,0,1
炒 的 很 热 ， 就 买 来看 了 看 ， 但 还是 不太 接受 ， 也 不 好看 ， 比 当年 看 的 《 飞龙 全传 》 差 很 远 。,0,1
"这 套书 , 不怎么 适合 小孩子 看 , 没有 什么 意思 ! 建议 家长 购买",0,1
当初 就是 因为 儿子 喜欢 汽车 ， 加上 这 本书 好评 如潮 ， 所以 才 决定 买 的 。 可是 买来 一个月 了 ， 他 只 翻 了 一次 ， 就 再也 不肯 看 了 。 我 本来 以为 这 套书 算是 白买 了 ， 可 最近 儿子 突然 迷上 了 它 ， 每天 都 要 看 两三遍 ， 中午 睡觉 前 和 晚上 睡觉 前 ， 都 要 看 上 一小 会儿 ， 成 了 必修课 了 。 当然 最 爱看 的 就是 《 轱辘 轱辘 转 》 ， 他 已经 不 满足 我 的 讲述 了 ， 自己 一边 看着 一边 用 小手 指指点点 地 ， 一边 说 着 “ 撞车 了 ” ， “ 轮子 破 了 ” ， ? 大嘴巴 垃圾车 ? ...... 等等 ， 那小 模样 可 认真 了 。 这 套书 成 了 我们 家 的 图书 宝贝 。 上次 只评 了 两颗 星 ， 没 办法 改了 ， 只好 在 这里 给 它 一个 大大的 五星 吧 ！ 另外 我 个人 建议 一下 ： 有 小男孩 的 家庭 ， 年龄 在 2 岁 以上 ， 就 可以 买 给 孩子 看 了 ， 尤其 是 喜欢 汽车 的 男孩子 ， 买 它 就 对 了 。,0,1
书 不错 ， 但是 没有 送 我 挂图 ！ ！ ！ 是 什么 原因 ？ ？ ？,0,1
大床 房 是 有 电脑 可以 上网 的 （ 但 地毯 很脏 ） ， 还有 自费 的 食品 和 日用品 ； 标房 比较 干净 ， 我 在 卫生间 里 ２ 次 看见 有 虫虫 在 爬 ， 没有 自费 的 食品 和 日用品 ， 也 没有 电脑 上网 。 大堂 经理 处理 事情 的 能力 极差 ！ 我们 这批 入住 的 人 整体 感觉 都 不 满意 ， 性价比 实在 太低 ！              ,0,1
此书 家喻户晓 。 我要 慢慢 研读 。 呵呵 。 一个 字 ： 棒 ！,0,1
酒店设施 老化 ， 服务 互相 推委 ， 没有 4 星 的 设施 怎能 享受 4 星 的 服务 ， 连 空调 都 不能 用 的 4 星 ， 餐饮 就是 大众 食堂 的 标准 ， 价格 是 ` ` ` ` ` ` ` ` `              ,0,1
看 了 一点 &# 183 ; &# 183 ; 就 没 看 了 &# 183 ; &# 183 ;,0,1
"书里 基本 都 是 日本 的 生活 环境 , 与 国内 还是 有些 区别 的 可能 是 自己 没有 一个 人住 过 , 所以 没 啥 共鸣 , 书 没 看 完 就 放 一边 了 ... 还好 就 买 了 一本 她 的 书",0,1
以后 还是 少买 这样 的 书 ， 名人效应 啊,0,1
位置 偏 ， 周围 黑漆漆 的 。 本地人 开车 都 找 了 好久 才 找到 。 房间 装修 很 是 一般 ， 可以 说 是 有点 差 ， 就 10 几年 的 老 装修 。 还是 住潭江 半岛 酒店 吧 ， 虽然 潭江 半岛 酒店 也 不是 很 让 我 满意 。 但是 为了 出行 安全 考虑 ， 建议 各位 还是 不要 去 住 该 假日酒店 。 此 假日酒店 和 鼎鼎有名 的 假日酒店 真是 非洲 和 欧洲 的 区别 啊 。      ,0,1
  就是 玩游戏 不 知道 怎么回事 ， cs 初次 测试 显示 有 问题 ， 再 试试看 再说 。    ,0,1
我 个人感觉 一般 ， 太多 的 堆彻 和 从 第三者 角度 出发 的 评价 ， 但 和 读者 的 感觉 却 有 若 天壤之别 。 几乎 有点 看不下去 的 感觉 。 特别 是 讲 贺顿 和 电台 主持人 一起 主持 节目 的 那 一段 ， 书上 讲 了 女 心理 师 多么 的 睿智 机变 ， 节目 多么 吸引 听众 ， 但 从 书上 的 描述 ， 我 感觉 — — 如果 我 听到 这样 的 电台节目 ， 一定 换台 ！ 我 还 特地 把 一些 段落 指 给 老公 看 ， 他读 一段 就 拒绝 再 看 。 我 最后 是 跳 着 看 完 的 ， 一个 感觉 ： 盛誉 难负 ！,0,1
  相对 于 2140 ， 屏幕 不是 镜面 屏 ， 亮度 会 差一点 ，   音箱 部分 外观 和 网站 图片 有 一定 差别 ， HP   MIni 系列 型号 太 多 ， 有 一种 音箱 部分 是 向 外 鼓起 ， 金属网 格状 的 ， 看 图片 的 时候 一直 以为 是 那种 ， 到 了 有点 诧异 ，    ,0,1
我家 美女 非常 喜欢 ， 强烈推荐 给 1 － 2 岁 的 小朋友 ！,0,1
  屏幕 上 有 一个 坏点 ， 不过 影响 不 大 ； 电池 的确 不禁 用 ， 也 就是 一个多 小时 ； 散热 还 可以 吧 ， 键盘 右下侧 有点 热 。    ,0,1
  不是 经典 的 磨沙 哦 ， 有点 遗憾 ， 我 相信 采用 经典 的 磨沙 ， 喜欢 者 会 多些    ,0,1
  用 了 半个 月 了 ， 感觉 就 一个 字 ： 爽 ！ 做工 好 ， 价格低 ， 配送 快 ， 没话说 了 ， 一个 字 ： 好 ！    ,0,1
此书 价钱 太贵 了 ， 而且 不 适合 5 岁 以上 的 小孩 阅读 ， 页面 太 少 ， 又 贵 ， 不 值得 买 ！ 太 不 值得 买 了 。,0,1
很 时尚 风趣 的 文风 ， 有 谈笑 间 樯橹 灰飞烟灭 的 气势 ， 虽然 只 看 完 了 第一部 ， 但 爱不释手 的 感觉 已经 越来越 强烈 。,0,1
这 真是 一本 好书 ， 而且 价钱 又 便宜 。 真好 呀 ！,0,1
很 好 的 地理位置 ， 一蹋 糊涂 的 服务 ， 萧条 的 酒店 。      ,0,1
我 觉得 这 本书 不 适合 在 上 大学 或 高中 的 朋友 们 ， 向 我 在读 大学 我 觉得 对 我 没有 帮助 ， 只 适合 入门级 的 读者,0,1
说 是 9 层 在 装修 ！ 但是 住 5 层 还是 吵得 睡不着 。 怀疑 6 层 也 在 装修 ， 声音 就 在 头顶 。 电钻 6 、 7 点 就 开始 吵 。 头痛 欲裂 。     地点 很 不好 找 。 不 临街 。     宾馆 反馈   2008 年 6 月 2 日   ：   尊敬 的 客人 ：   您好 ！ 您 在 入住 期间 未能 享受 到 安静 的 环境 ， 我们 深感不安 ， 并 向 您 表示 深切 的 歉意 。 为了 创造 酒店 优美环境 ， 使 广大 宾客 居住 环境 更加 舒适 ， 我店 正在 进行 客房 硬件 的 装修 改造 工作 ， 施工 时间 为 8 ： 00 － 20 ： 00 ， 非常 抱歉 施工单位 未 在 规定 时间 内 施工 ， 还 打扰 了 您 的 休息 ， 为此 ， 我们 已经 与 施工方 再次 接洽 ， 要求 他们 遵守 工作 时间 ， 杜绝 此类 事件 的 再次发生 。 酒店 楼顶 正 装修 并 安装 本市 最具 特色 的 标志 建筑 ： “ 金葫芦 ” ， 相信 您 再次 光临 本店 时会 给 您 焕然一新 的 感觉 ， 更会 让 您 感受 到 我们 更 热诚 的 服务 。 再次 谢谢您 的 忠肯 评价 ， 并 真诚地 向 您 表示歉意 ， 恳请 您 能 再次 下榻 并 提出 宝贵意见 ！   祝您 身体健康 ， 工作 顺利 、 万事如意 ！      ,0,1
"酒店 号称 目前 满洲里 最好 的 , 一 进去 就 大失所望 , 房间 很小 , 不 干净 , 设施 不 齐全 , 而且 酒店 服务 反应 非常 迟钝 . 提供 收费 的 无线网络 , 速度 和 老牛 拉车 一般 , 而且 经常 要断 . 一楼 自助餐 也 非常 差 , 整体 来说 是 不 推荐 的 酒店 , 但 在 满洲里 这样 的 地方 , 其他 你 也 选择 余地 不 大 , 除非 新建 的 香格里拉酒店 落成 .      ",0,1
不 值得 这个 价     装修 很 一般     酒店 外是 烧烤 一条街     早餐 非常 简陋 ， 没 啥 吃 的 。 下次 决不 选择 它 。     连 申请 延迟 退房 都 不肯      ,0,1
"比较 失望 , 也 没太多 的 心理 分析 描写 , 完全 是 案例 , 且 没有 深入 的 分析 ,",0,1
"宝宝 一岁 七个 月 , 不是 太 喜欢 , 也许 是因为 色彩 不够 鲜艳 . 而且 对 他 而言 , 可能 太 简单 了 .",0,1
总结 一下 ， 女人 要 现实 。 要么 嫁 好 老公 ， 要么 抓住机遇 有 事业 … … 这 还 用 她 说 啊 。,0,1
因为 看 了 《 士兵 突击 》 的 连续剧 ， 爱 它 ， 所以 买 它 。 以为 可以 让 自己 感动 的 影视 ， 其书 更 值得 自己 收藏 。 但 真让人 失望 ！,0,1
  但 今天 提货 时 ， 总部 自提点 的 服务 不是 很 好 ， 可能 人员 不 多 ， 我 问 的 问题 给 我 回复 的 不是 很 满意 。    ,0,1
房间 较 小 ， 配置 一般 ， 如 家 越来越 差 ， 如果 不 在 现在 基础 上 加以 提高 ， 不 出 几年 就要 找 不到 了 ， 现在 只想 赚 加盟费 去 了 吧 ？      ,0,1
这 是 我 帮 同学 订 的 ， 之前 我 已经 买过 一本 ， 挺不错 的 。,0,1
奇怪 这么 书 怎么 这么 受欢迎   非专业 人士 能看懂 吗   有 耐性 去 慢慢 琢磨 吗,0,1
  键盘 左上角 稍微 按下 就 严重 下陷 ， 唉 ， 做工 不敢恭维 ， 跟 我 以前 用 的 小黑 键盘 效果 用 天壤之别 ， 难怪 网上 大家 都 不 承认 SL 系列 属于 tinkpad    ,0,1
该 酒店 确实 性价比 不是 很 高 ， 距离 该 酒店 500 米左右 的 衡阳 华天 应该 会 比 这家 好 很多 ， 我 也 问过 价格 了 ， 华天 208 （ 前台 价 ） / 康年 198 （ 携程 价 ）      ,0,1
设施 陈旧 ， 饭店 各 区域 之间 的 交通 混乱 ， 早餐 品种 少 、 品质 差 ， 优胜 之处 是 周边 的 交通 方便 。      ,0,1
  散热 问题 始终 有点 突出 ， 配置 高 就 功耗 高 就 无可避免 地 温度 高 了 ， 另外 外壳 做工 方面 还 需 进一步 加强    ,0,1
  显卡 是 64bit 的 ， 这点 有 一定 的 制约 性能 ， 能 随机 附带 一个 XP 的 盘 就 好 了 ， 太沉 ！   装 了 一个 XP ， 搞了半天 。    ,0,1
  这款 无 指纹识别 ， 也 无 人脸识别 ， 京东 资料 上要 改改 了 ！   还有 摄像头 要 光线 很 好 、 距离远 的 情况 下才 正常   否则 颜色 超淡 ！   运行 VISTA 超慢   改了 XP 就 很棒 了 ！    ,0,1
  有点 重 。   一 开始 拿到 手 的 时候 TAB 键松 了 ， 不过 一 按 就 按 回去 了 还好 。   有线 网络 的 连接 有点 问题 ， 不过 可能 是 我家 网络 的 问题 。    ,0,1
我 自己 是 不 太 喜欢 的 ， 如同 前面 一位 家长 的 评价 ， 有 可能 加重 小孩子 的 叛逆 ， 我家 小朋友 现在 的 新 口头禅 就是 “ XX ， XX ， 总是 XX ， 我 才 不要 XX 呢 ！ ”,0,1
这 本书 孩子 不感兴趣 。   把 书本 都 给 撕 了 。,0,1
作者 有 明显 的 自恋 倾向 ， 只有 有 老公 养 不 上班 的 太太 们 才能 像 她 那样 生活 。 很多 方法 都 不 实用 ， 还有 抄袭 嫌疑 ， 没意思 ， 没买 的 可以 省省 了 。,0,1
"朋友 超级 喜欢 她 , 在 她 的 鼓动 下 买 的 , 依然 不是 很 喜欢",0,1
对于 两岁半 的 儿子 来说 故事 的 篇幅 有些 长 ， 可能 稍大 一些 他会 喜欢 。,0,1
书 很 貴 。 儿子 也 不怎么 看 。 唉 ！ 他 更 喜欢 玩 。,0,1
  发热量 大 的 问题 没有 解决 ， 这是 联想 的 老 问题 了 ， THINKPAD 系列 就 没有 这个 问题 ， 国产品牌 还是 要 在 细节 上 做 的 更好 才 有 竞争力 啊    ,0,1
房间 很大 味道 ， 服务 差 ， 态度 差 ， 房单 设施 差 ~ ~ 永远 不会 再 去 了 。 差 就 一个 字      ,0,1
"买 了 一本 , 字 是 大大的 , 不 觉得 有 啥 好 的 晕",0,1
离 泰山 较 远 ， 实际 环境 与 价格 不符 ， 漂亮 的 外观 ， 陈旧 破烂 的 内里 ， 隔音 极差      ,0,1
她 是 不可多得 的 成功 的 传媒 人士 为什么 一定 要 写 15 字 ？ 对 这 本书 来讲 ， 没什么 可写 的 哇 ？ ？,0,1
为什么 我们 每天 订房间 ， 就 不 送 水果 、 咖啡 ！ 协程 网上 有 果盘 送 的 ！ 简直 不讲道理 ！      ,0,1
送货 速度 很 慢 ， １ ８ 号 发货 ， 要 到 年 后 才能 收到 ！,0,1
  驱动 支持 很 完美     唯一 就是 AMD 的 散热量 比较 大 ， 希望 一两年 内 不会 出 什么 问题    ,0,1
"图画 , 文字 都 不错 , 尤其 是 画面 . 对于 小孩子 来说 , 的确 是 一套 不错 的 图画书 .",0,1
  买来 要 自己 装 系统 ， 麻烦 ！   AMD 散热 不太好 ！   反应 有点 慢 ！   价钱 和 我们 这边 的 商场 差不多 ！ 没 实惠 ！    ,0,1
  linux 的 系统 从来 没玩过 ， D 面 做工 稍 欠缺 ， 塑料 感强 。 不过 对得起 价格 。    ,0,1
"很 喜欢 这 本书 ， 可以 从中 得到 一些 借鉴 。 拉拉 是 个 幸运儿 ， 除了 自身 的 努力 外 ， 她 成功 的 原因 是 有 特别 好 的 机遇 和 一些 好心 的 领路人 。 现实 就是 这样 的 ， 即便 你 付出 了 努力 ， 但 不见得 会 有 好 的 回报 。 可 如果 你 付出 了 努力 ， 当 机会 来时 就 会 成功 。 不要 抱怨 什么 不 公平 ， 人生 出来 就是 不 平等 的 。 Simple   life , Simple   heart . 推荐 刚入 职场 的 朋友 们 看看 此书 ， 会 有 不少 的 收获 。",0,1
  悬浮 键盘 ~ ！   真不知道 设计师 怎么 想 的   按键 的 下 半 部分   识别率 很 低   ~ 按 10 次   识别 5 次 就 不错 了     而且   悬浮 键盘   容易 积灰 ！ 还有 就是 很 厚   做工 不细    ,0,1
  apple 品牌机 所用 的 os 系统 需要 好好 研究 ， 并且 好多 软件 跟 pc 不 兼容 ！    ,0,1
跟 心灵鸡汤 没什么 本质区别 嘛 ， 至少 我 不 喜欢 这样 读 经典 ， 把 经典 都 解读 成 这样 有点 去 中国化 的 味道 了,0,1
不是 很 专业 的 ， 就是 作者 个人 的 一些 体验 ， 并 不适 用于 所有人 。,0,1
  整体 做工 比 IBM 低 了 一个 档次 ， 键盘 键程 短 ， 反馈 力度 不足 ， 怀念 IBM 的 键盘 。 D 壳 做工 像 玩具 。 钢琴 烤 漆 是 一个 不折不扣 的 指纹 收集器 ， 外观 太 时尚 不够 IBM 沉稳 ， 不 适合 进行 商务活动 。    ,0,1
听 别人 介绍 了 说 挺 好 的 ， 我 就 买 了 ， 但是 儿子 一点 都 不 喜欢 ， 我 也 不怎么 喜欢 ， 呵呵,0,1
  散热 不好 ， 夏天 不再 空调 下 ， 稍微 运行 4 个 小时 时间 ， 死机 3 次 。 笔记本   外观 差点 意思 不过 对 的 起 这个 价格 ， 玩游戏 的话 ， 呵呵 ， 比较 差 ， 极品飞车 11 有点 带不动 的 样子 。    ,0,1
"写 的 还好 , 就是 看着 看着 就 不想 在 看 了 .",0,1
没什么 故事情节 ， 都 是 主人公 在 叙述 ， 身边 的 亲人 一个个 死去 了 ， 唯有 他 还 活着 ！ 真是太 累心 了 ！ 受不了 这样 题材 的 小说 ！,0,1
适合 年龄 20 岁 以下 的 女人 阅读 ， 大 了 就 不用 看 了,0,1
  外观 和 使用 感觉 都 不错 ， 其实 我 吧 VISTA 精简 了 后   ， 发现 其实 和 XP 用 起来 没什么 区别 的 ， 本来 是 要 换 系统 的 ， 麻烦 ， 现在 用原 系统 挺舒服 的 ！    ,1,0
  1 ， 从 cmos 中 看到 cpu 信息 显示 N280 ， 而 不是 270 ， 这点 算是 一个 小 惊喜 。   2 ， XPH 已经 打上 了 sp3 补丁 ， 用 magicset 看 ， 补丁 基本 全了 。   3 ， 有 一些 常用软件 ： mcafee   杀毒软件 ， office2007 试用版 。    ,1,0
  该 有 的 都 有 了 ， 系统 也 很 好 装 ， 光盘 驱动 很全 ， 指纹 好用 ， 性价比 高    ,1,0
"房间 以及 环境 都 不错 ， 用 房卡 到 四楼 的 五指 生 足部 保健 还 可以 打折 。     就是 退房 时 速度 有点 慢 ！     免费 注册   网站 导航   宾馆 索引   服务 说明   关于 携程   诚聘 英才   代理 合作   广告业务   联系 我们     Copyright   1999 - 2008 ,   ctrip . com .   all   rights   reserved .              ",1,0
首先 是 服务 很 好 ， 南方 的 服务 水准 普遍 比 北方 高 ， 让 人 宾至如归 的 感觉 ， 电梯 口有 个 小妹 询问 去 的 楼层 ， 以为 是 电梯 迎宾 ， 可 接着 推荐 去 娱乐 楼层 ， 这 给 住客 不好 的 印象 。 硬件 很 普通 ， 也 就 三星 水准 。 早餐 很 一般 ， 携程 30 元 也 没有 特别 便宜 。      ,1,0
  2099 买 的     原来 颜色 不是 纯白 的       有点 发黄     估计 是 怕 脏 吗       折腾 一天 才 装上 XP    ,1,0
  配置 强 ， 价格 实惠 ， 还 送 鼠标 ， 鼠标 很 精美 ， 屏幕 LED 比 LCD 好 ， 主要 是 可 视角 较大 ， 摄像头 虽然 只有 30W ， 但 效果 很棒 。 无线 网卡 接收 信号 强劲 ， 同 在 一个 房间 ， 上 一代 网卡 的 电脑 没 信号 ， 新 网卡 信号 强 。    ,1,0
"我 住 的 豪华 房 , 被子 太厚 , 晚上 睡觉 超热 , 前台 小姐 服务态度 一般 , 没 见到 笑脸 .   宾馆 服务 较 好 .      ",1,0
"  很 小巧 的 . 送 老婆 用 她 很 高兴 . 还有 就是 定 的 是 U100 结果 回来 的 货 貌似 是 U100X , 自带 的 linux 系统 还有 蓝牙 呢 . 不过 装 XP 后 还 没 试验 呢    ",1,0
总台 小姐 凌晨 0 ： 30 打电话 询问 房卡 之 事 ， 惊扰 本人 美梦 ， 使 我 一夜 未眠 ， 区区小事 ， 为何 不能 次日 早晨 与 我 联系 ， 服务 欠 周到 ， 尚需 改进      ,1,0
住 的 比较 多 ， 周围 吃喝 玩   购物 都 方便   建议 携程 以后 要 给 个 好 折扣      ,1,0
补充 一条   ：   可惜 外壳 送来 时坏 了   以前 买 当当 的 没有 遇到 过 也   好 在 里面 的 分册 没有 损坏   很 新 的   也 就 不 计较 啦   赫赫   书嘛   是 用 来看 的   不是 用来 观赏 的   偶 不 计较 了 额   以后 注意 嘛   当当 ~ ~ ~   倒 是 送 的 速度 和 快递 叔叔 的 态度   很 好好   赫赫   不 计较 咯,1,0
呵呵 ， 又 住 了 回 豪华 双床 房 ， 感觉 房间 比标间 大 了 ， 没 那么 压抑 ， 床 也 大 了 ， 比较 舒服 。 就是 电视 太小 了 ， 农村 的 朋友家 估计 都 没有 这么 小 的 电视 了 吧 。 卫生间 还是 太 简陋 了 ， 和 酒店 的 整体 定位 不 匹配 。 衣柜 里 缺少 浴袍 ， 总 可以 提供 两套 吧 ， 我 住 过 的 更 便宜 的 酒店 都 有 提供 。              ,1,0
但是 ， 书比 网上 有 删节 ， 例如 删掉 网络版 中轻寒 轻轻 吻 了 一下 阿离 等 情节 。 不知 编辑 怎么 想 的 ， 这有 必要 吗 ？,1,0
宾馆 内 的 环境 不错 ， 早上 起来 我 都 要 逛 一圈 然后 在 去 吃 早饭 ， 入住 的 人 也 很多 ， 车场 都 停满 了 ， 服务 也 可以 ， 总的来说 不错 ， 但是 没有 通过 携程 预订 该 酒店 ， 在 入住 时 即可 享受 该 酒店 提供 的 额外 优惠 ， 问 总台 小姐 ， 人家 说 根本 就 没有 这个 ， 有 疑问请 自己 去 找 携程 问 ， 汗 ！ 打 携程 的 电话 又 总是 打 不通 ， 只有 算了 ！      ,1,0
由于 位置 关系 ， 一些 时间 不太好 打到 车 ， 当然 这 不是 酒店 的 错 。      ,1,0
  这个 也 太 夸张 了 ， 刚 买好 就 降价 ， 而且 还 送 东西 ， 真是 无 语 ， 亏大 了 。    ,1,0
已经 去过 一次 了 ， 这次 也 是从 携程 订 的 房间 ， 但是 好像 跟前 台 沟通 的 不好 ， 到 了 居然 找 不到 我们 的 名字 ， 奇怪      ,1,0
  本本 比较 漂亮 ， 适合 女孩子 用 。   键盘 超级 大 ， 使用 起来 会 相对 方便 些 。   装 了 xp 系统 后 ， 没有 出现 网友 说 的 驱动 不好 装 的 情况    ,1,0
"  东西 就是 这个 样子 , 换换 就 有 意想不到 的 结果 , 谁 要 xp 下 的 驱动 找 我 , 我 这里 有    ",1,0
非常感谢 携程 为 我们 安排 的 酒店 我们 对 该 酒店 的 服务 表示满意 ， 希望 携程 的 服务 越来越 好 ， 为 携程 的 贵宾 提供 更 优良 、 更 全面 的 服务 。      ,1,0
  15.4 寸 镜面 屏 看起来 比较 爽 ， 内置 摄像头 读卡器 ， 无线网络 和 摄像头 可以 一键 关闭 ， 比较 人性化 。 驱动 安装 也 挺 简单 的 ， 光盘 塞进去 一个 一个 装好 就 都 可以 克 。    ,1,0
"  性价比 高 ， 质量 也 还 不错 , 安装 系统 时 也 没有 碰到 什么 难点 , 驱动 到 管网 去 找 就 可以 , 1 小时 搞定 ~ 哈哈 ~ 送 的 酷冷 底座 不太好 接 ~    ",1,0
知名度 不错 ， 机场 打车 一说 十一 经路 ， 就 问 是 如家 吧 。 但是 天津 机场 基本 都 是 黑车 。 从 酒店 去 机场 不到 30 ， 机场 来 居然 打表 打出 50 多 。              ,1,0
  找 了 个 外置 光驱 装 了 XP ！ 速度 还是 可以 滴 ， 感觉 比 我 那台 03 年 的 奔 4 还 快点 ！    ,1,0
  配置 很 高 ， 对得起 价格 ， Vista 太烂 了 ， 启动 占用 系统 内存 太 多 ， 只能 换 XP ， 换 XP 要接 换回 IDE 模式 ， 要 不 就要 用 集成 驱动 的 盘 ， HP 官方 驱动 提供 了 大部分 ， 但是 好像 有点 小 问题 ， 机器 的 QuickLook 功能 其实 有点 鸡肋 ， 总体 做工 还 可以 。    ,1,0
1 .   大堂 前台 服务 快捷 ， 效率高 。     2 .   客房 层 和 房间 空气 不好 ， 通风 不良 。     3 .   房间 干净 ， 但是 陈设 和 配置 过于 简陋 。     4 .   三楼 餐厅 早餐 品种 尚可 ， 服务 欠 培训 ， 二星 水准 。     5 .   二楼 餐厅 菜谱 海鲜 丰富 ， 但是 素菜 类 品种 太 少 。     感觉 一般般 喽 ， 不如 隔壁 的 金雁 。      ,1,0
第一次 用 携程 订 这个 酒店 ， 还给 了 一点 代价 券 ， 可以 抵 现金 的 ， 冲掉 几十 房费 后 ， 价格 在 4 星级 酒店 里面 来说 是 相当 可以 的 了 ， 这次 住 的 新楼 ， 比较 安静 。      ,1,0
  Win7 全 兼容 ， 只 需 手动 安装 acpi 驱动 。   ubuntu9.04 全 兼容 ， 建议 装 eeebuntu3.0 ， 可 支持 软 开关 蓝牙 无线 摄像头 。    ,1,0
"里面 环境 还 行 ， 那 一片 绿色 还是 很 令人 舒畅 的 ， 早餐 较差 。     下 一页 > >     免费 注册   网站 导航   宾馆 索引   服务 说明   关于 携程   诚聘 英才   代理 合作   广告业务   联系 我们     Copyright   1999 - 2008 ,   ctrip . com .   all   rights   reserved .              ",1,0
  键盘 手感 挺 好 ， 第一次 开机 需要 恢复 系统 ， 整个 过程 将近 一个 小时 ， 这 段时间 里 发热量 比较 大 ， 但是 正常 使用 时 温度控制 的 很 好 ， 自带 的 VISTA 还是 很 慢 ， 不过 官网 的 XP 驱动 很 全面 ， 某 型号 安装 哪些 驱动 都 写 得 很 清楚    ,1,0
  优点 不用说 了 ， 谁 让 咱 是 穷人 价格 是 很 吸引 人 的 因素 。 我 只 说 说 缺点 ， 拿到 手后 发现 风扇 发出 很 尖锐 的 高频 声音 ， 安静 的 时候 很 是 不爽 。 一气之下 我 把 它 给 拆 了 ， 应该 是 装配 问题 ， 风扇 运转 很 安静 ， 是 其他 地方 和 它 发生 了 共振 或 摩擦 ， 从 新装 了 一遍 现在 好 了 。 底部 外壳 在 按 的 的 时候 会 发生 一个 咔 的 声音 ， 经过 仔细观察 ， 是 底壳 和 板子 边缘 产生 的 ， 稍微 处理 一下 接触 部位 解决 。    ,1,0
"房间 和 服务 都 还 可以 , 后面 有 比较 大 的 停车场 , 非常 方便 驾车者 ; 对于 旅行者 来说 , 可能 经常 打 的士 了 .      ",1,0
酒店 环境 还 可以 ， 距离 公交车站 比较 近 ， 出行 方便 。 一般 的 服务员 很 和 气会 主动 向 你 问好 ， 倒 是 看着 象 管理人员 的 从 不见 打招呼 。 比较 郁闷 的 是 ， 有 一天 服务员 因为 拿走 了 一筒 快 过期 的 冰箱 里 的 饮料 ， 没有 交接 清楚 ， 下 一班 的 人员 误会 是 我们 喝掉 了 。     还有 我 预定 的 4 天 的 房 ， 结果 到 第三天 上午 房卡 就 被 停掉 了 ， 害 我 从 沙滩 返回 时 只好 先到 大厅 重新 办理 。     早餐 去 的 比较 晚时 感觉 他们 餐桌 收拾 的 很慢 ， 好像 服务员 不够 用 似的 ， 看着 将近 7 、 8 个 没人 坐 的 桌子 却 都 有 一摞 待 收拾 的 餐盘 ， 没 办法 告诉 服务员 后 半天 才 来 收拾              ,1,0
"房间 设备 太破 , 连 喷头 都 是 不好 用 , 空调 几乎 感觉 不到 , 虽然 我开 了 最大     另外 就是 设备 维修 不 及时 , 洗澡 用品 感觉 都 是 廉价 货 , 味道 很 奇怪 的 洗头 液 等等 ...     总体 感觉 服务 还 可以 , 设备 招待所 水平 ...      ",1,0
酒店 位置 很 好 ， 去 火车站 、 机场 、 逛街 都 比较 方便 。 设施 什么 的 也 很 好 。 在 这个 位置 这样 的 价格 真是 银 不错 了 。 如果 不是 正好 有个 工地 在 边上 ， 应该 会十会 清静 。 服务员 的 态度 也 挺 好 ， 只是 结账 的 时候 因为 不知 是 谁 在 服务指南 内页 上用 原珠 笔划 了 不到 2 厘米 的 一条线 ， 查房 的 服务员 反应 十分 过度 的 不让 结账 ， 说 要 赔偿 ， 虽然 最后 经过 交涉 没有 赔款 ， 不过 心里 十分 之 不爽 ， 下次 入住 前如 不是 要 把 房间 检查 个 底朝天 谁 敢 住 进去 。 希望 这次 的 经历 也 使 酒店 执行 制度 不会 再 过度 僵化 。 除开 这点 不 愉快 ， 其实 还是 值得 推荐 的 。      ,1,0
服务 还 不错 ， 但是 客房 装修 过于 陈旧 ， 隔音 效果 确实 不好 。 另外 想要 对 客房部 替个 意见 ， 你们 能 不能 在 客人 没有 要求 清理 的 情况 下 ， 于 顾客 离店 后 在 进行 清理 客房 呢 ？ 最后 说 一句 “ 真的 不要 对 早餐 抱有 太大 的 希望 ！ ”      ,1,0
第一次 幫老 闆 預定 這 傢 酒店 ， 老 闆 反映 還不錯      ,1,0
  外壳 很 有 特点   条纹 很 好看   用 起来 不错   装 XP 按 网上 的 说 的 很 容易 装 ， 还有 原装 鼠标    ,1,0
"服務態度 很 好 . 不管 是 前 臺 還是 後 勤人員 , 均 很 熱情 , 以禮 待人 ;     辦事 效率 較 高 . 包括 登記 入住 , 結賬 , 客房 服務 等 ;     設備 維護 工作 尚有 不足 . 如 容易 被 忽視 的 床頭 燈管 老化 等 , 建議 酒店 方面 可以 定期 檢修 , 等到 顧客 反饋 問題 , 就 稍 顯 被 動 了 .     祝攜程 旅行 網及 漢庭 酒店 越辦 越 好 !      ",1,0
买 这 本书 有 一个月 的 时间 了 ， 因为 之前 有 一个 mbti 的 课程 ， 因为 时间 关系 没有 去 上 。 后来 想 在 网上 收集 一些 这方面 的 资料 先 看看 吧 ， 也 是 先 看 了 其他人 的 评语 才 选 了 它 。 和 同样 的 写 MBTI 的 另 一本 【 天资 差异 】 相比 ， 专业性 低点 ， 实用性 较强 ， 涉及 工作 方面 的 运用 多一些 。 想 实际 应用 MBTI 的 人 可以 买来 参考 看 的 。 建议 和 【 天资 差异 】 结合 一起 看 ， 会 收益 更 多 。,1,0
"  定单 5216523 与 6 月 3 号 要求 处理 补发 赠品 . 现在 已经 20 号 了 , 仍然 未 补发 . 这 服务 也 "" 太 到位 "" 了 吧 , 买 了 东西 就 甩手 不管 了 ? 难道 这 就是 京东 一惯 的 "" 作风 "" ? 现在 都 出 了 大礼包 了 . 要求 给 一个 满意 的 结果 . 不要 一拖再拖 ! ! ! ( 而且 我们 拿到 手 就 发现 键盘 问题 , 已经 拿 去 修 了 . 才 买 几天 啊 ? ) 这些 结果 都 让 人 都 郁闷 ! ! !    ",1,0
很 一般 的 四星级 酒店 . 环境 不错 . 房间 实在 不怎么样 . 服务 还行 .      ,1,0
  外观 比起 同学 们 的 银灰色 ASUS 的 要好看 的 多 ， FREE   DOS   ， 其实 对于 现在 大多数 随机 VISTA ， 自己 装 系统 更好 一些 ， 避免 了 一些 不必要 的 麻烦    ,1,0
从 总体 来说 ， 酒店 的 服务设施 及 服务 人员 的 态度 都 是 比较 不错 的 ， 但是 预定 酒店 时 所说 的 提供 免费 宽带 却是 没有 的 ， 所以 ， 专门 带 的 笔记本 也 没有 用 上 。 结帐 时想 使用 信用卡 支付 ， 却 被 告知 当天 不能 刷卡 。 建议 在 这方面 的 信息 需要 再 准确 些 。              ,1,0
  1 、 非常 轻 ， 电源 也 小 ， 平时 是 放在 大包 里 背来 背 去 的 ， 这下 负重 减轻 多 了 ， 爽 ~ 原来 用 的 是 戴尔 的 12.1 寸 ， 跟 小黑 比 起来 就 重 的 多 ，   2 、 噪音 低 ， 运转 基本 没什么 声音   3 、 散热 好 ， 连续 长时间 使用 温度 也 不 高    ,1,0
"CBD 中心 , 周围 没什么 店铺 , 说 5 星 有点 勉强 . 不 知道 为什么 卫生间 没有 电吹风      ",1,0
价格 确实 比较 高 ， 而且 还 没有 早餐 提供 。     携程 拿到 的 价格 不好 ？ 还是 自己 保留 起来 不 愿意 让利 给 我们 这些 客户 呢 ？     到 前台 搞 价格 ， 430 就 可以 了 。      ,1,0
终于 看 完杜 拉拉 2 ， 感觉 有种 狐尾续 貂 。 里面 的 理论 对刚 进入 职场 的 新手 来说 实在 太 深奥 。 宽带 薪酬 ， 测评 系统 等 全部 是 HR 的 内容 。 题目 真的 不 应该 叫 杜 拉拉 升职 记 。 可以 换成 HR 方法 大全 ？ 人物 也 越来越 多 ， 越来越 不相干 。 最后 的 结尾 更难 让 人 明白 ， 别 再 写 杜 拉拉 三 了 ， 佳作 就是 这样 写 续写 续写 废 的 。 就 像是 还珠格格 系列,1,0
"前台 服务 不错 ,   询问 旅游 事宜 都 详细 解答 .   早餐 不值 三星级 ,   房间 暖气 不够 .      ",1,0
"很 老 的 五星 了 , 客观 的 说 也许 曾经 无愧于 这个 头衔 , 可 现在 看到 的 实在 是 有些 落伍 了 , 强烈建议 重新 装修 和 更换 新 的 设施 了 , 不过 服务 还是 很 好 的 , 当 得知 我们 的 不 满意 后 , 经理 主动 地 给 我们 做 了 房间 的 升级 ..... 服务 很 好      ",1,0
  没有 配置 驱动 光盘 。 这点 很 不好 。 虽然 说 笔记本 本身 带 刻录 。 可是 也 麻烦 了 客户 啊 。    ,1,0
  风扇 声音 不是 很响   可以 接受   预装 的 vista 直接 被 公司 网管 删 了   帮 我 装 了 XP   不过 装 的 过程 貌似 很 麻烦   搞 了 很 久   说 先要 格式化   再装 系统   估计 不太懂 电脑 的 人 搞不定   其他 用 的 都 不错   那个 送 的 鼠标 用 起来 很 舒服    ,1,0
"从 地段 , 星级 , 价格 , 环境 和 设施 考虑 , 此 酒店 相当 不错 . 如果 没有 其他 因素 , 下次 还会 再 住 . 为 使贵 酒店 良性 发展 , 特 提醒 几点 : 1 . 酒点 总台 服务 小姐 不够 专业 , 没有 职业 笑容 . 2 . 房间 ( 1117 ) 水龙头 和 下水 出 问题 , 有人 报修 和 管理 吗 ? 这 牵涉到 资源 , 成本 , 信誉 和 服务 . 3 . 空调 整夜 发出 流水 的 噪声 ( 分贝 可能 不 小于 50 ) , 可能 会 影响 许多 客人 的 休息 . 希望 下次 来 住 时 得到 改观 .      ",1,0
晚上 航班 晚点 。 22 点 以后 酒店 不 提供 ， 要 去 接机 需要 付费 。     预定 的 房间 没有 了 。 酒店 给 升级 到 了 套间 。 很大 ， 很 好 。     也许 我 到 店 太晚 了 ， 没 听见 什么 飞机 起降 的 声音 。     如果 是 在 北京 转机 ， 蓝天 还 不错 。      ,1,0
  可以 装 xp ， 但 内 附 的 驱动 盘 是 vista 的 ， 要 自己 到 华硕 官 网上 下载 xp 驱动 就 可 。 内 赠送 鼠标 的 ， 害 我 另外 多 买 了 一个 。    ,1,0
1 月 28 號和 朋友 入住 ， 酒店 前 臺 是 給人 感覺 寒磣 了 些 ， 有點 像 老式 的 招待所 。 住 的 豪華標 準間 ， 在 1 號樓 的 2 層 ， 能 感覺 到 房間 很 老 了 ， 但床 和 沙發 都 很 舒服 ， 而且 衛生間 是 重新 裝修過 的 ， 很 有 4 星級 的 檔次 。 拉開 窗簾 ， 屋外 的 風景 很 好 。 因為 沒 有 在 酒店 裡用 早餐 ， 所以 對 這一項 沒有 什么 概念 。 在 陽朔 ， 這家 酒店 確實 是 最好 的 ， 其環境 和 客房 完全 不是 西街 上 那些 幾十到 百元 不 等 的 旅店 所 能比 擬 。 尤其 感動 的 是 ， 入住 的 時候 因為 中國 南方 大面積 降雪 的關 係 ， 電力 緊張 ， 幾度陽 朔 全城 停電 ， 酒店 除了 用 自己 的 發電機 及 時 發電外 ， 服務員還 特地 跑 到 外面 去 買 了 新 的 暖 風機給 我們 取暖 ， 而且 一再 幫 我們 調試 。 平心 而論 ， 如果 以 香港 、 上海 那些 五星 級 酒店 中經過 整套 西方 酒店 禮儀 培訓 的 服務員為 標準 衡量 ， 百樂來 的 服務員 似乎 不夠 專業 ， 但 在 他們 的 服務 卻 給人 一種 很 地道 的 親切 感 。 （ 也許 我 沒 有 碰到 惡劣 的 服務員 ） 建議 入住 的 朋友 多 抱 一些 理解 ， 不要 過於用 顧客 就是 上帝 的 心態 挑剔 。 當然 ， 如果 確實 有 問題 ， 還是 要 提出 來 的 。 再 說 一句 ， 去 的 時候 聽 說 6 號樓 正在 裝修 ， 裝 修好 以 後 硬件 設施 應該 會 有所改善 吧 。              ,1,0
位置 佳 ， 酒店 前面 就是 栈桥 ， 早起 运气 好 的 可以 在 栈桥 上 看到 电视塔 上 日出 的 景象 。 对面 马路上 是 公交车站 点 ， 乘 311 专线 可 直达 北九水 （ 早上 6 : 45 ， 7 : 45 ， 8 : 30 从 火车站 发车 ， 建议 提前 10 分钟 侯车 ， 车程 1.5 小时 ） 。     服务 令人满意 ， 边 看 海景 边 吃 早餐 的 感觉 很 好 。     因 建于 20 世纪 ， 装潢 一般 ， 但 卫生设备 是 新换 的 科勒 。     隔音 确实 不 理想 ， 半夜 可以 听到 隔壁 的 声音 ， 建议 在 客人 入住 时发 一张 晚上 保持 安静 的 卡片 。 周围环境 好 一点 的 吃饭 地方 少 ， 不过 10 元 打 辆车 肯定 能 找到 满意 的 餐厅 。     酒店 走廊 的 小 食品 是 孩子 的 最 爱 ， 不过 大家 自觉 适量 取用 哦 ！      ,1,0
  上网 看 东西 ， 不断 的 操作 ， 电池 基本 能用 6 个 多 小时 ， 还是 比较满意 的 。 表面 不 容易 留 手印 ， 比 黑色 的 好 。 去 华硕 官网 下载 了 ， 所有 XP 的 驱动 ， 装 好 还是 不错 的 。    ,1,0
住 了 几次 ， 这次 还 特意 带 了 朋友 一起 去 入住 ， 结果 ， 酒店 的 早餐 让 我们 太 失望 了 ， 越来越 差 啊 ， 九点 去 的 时候 吃 的 东西 都 没有 什么 了 ， 以后 我 是 不会 再来 了 。      ,1,0
第二次 入住 了 ， 感觉 不错 ， 健身房 ， 游泳池 都 很 好 。 但 这次 入住 有点 小 问题 ， 早上 六点 的 时候 ， 有 服务员 莫名其妙 开门 进来 ， 然后 又 出去 了 ， 几分钟 后 又 进来 ， 问 是否 退房 ， 晕 ！ 当晚 给 我 房间 送 了 份 鲜花 算是 道歉 吧 ， 让 人 感觉 还 不错 ！ 另外 ， 他家 按摩 的 金 师傅 水平 确实 可以 ， 强烈推荐 ！              ,1,0
以前 我读 过 一些 女人 说话 办事 方面 的 书 ， 但是 经常 令 我 失望 。 内容 长篇大论 ， 没有 学到 实际 的 东西 ， 浪费时间 和 金钱 。 这 本书 采用 108 个 细节 ， 点点 到位 ， 很 有 针对性 ， 正 所谓 细节决定 成败 。 语言 精炼 ， 内容 实用 且 富有 哲理 ， 非常 值得 一读 。,1,0
房间 很 舒服 ， 服务 也 很 好 ， 价格 高 了 。     另外 ， 通过 CTRIP 订 的 时候 总是 很 难订 到 大床 的 房间 ， 可是 自己 打电话 去 前台 就 可以 订 到 。 看来 CTRIP 和 酒店 的 协议 没有 做好 呀 。      ,1,0
"日本 人 真的 是 超多 , 老 酒店 房间 布局 还 可以 ， 就是 地毯 怪味 太 多 , 房间 空气 不太好 ， 窗户 不好 打开 。 服务 还 行 ， 交通 方便 ， 去 火车站 、 快轨 、 景点 都 很 方便 ， 就是 在 火车站 旁边 环境 比较 乱 。 房间 价格 稍贵 ， 基本上 还 比较 有 竞争力 。      ",1,0
服务 很 好 ！ 员工 很 礼貌 ！ 房间 很 干净 就是 小 了 点 ！ 房间 不能 直接 通话 ， 需要 总机 转 ， 不 方便 ！ 在我看来 ： 只能 是 准 四星级 酒店 ， 在 黄山 只能 算 三星级 酒店 ！              ,1,0
房间 狭小 ， 设备 普通 。 交通 方便 ， 时代广场 走走 就 到 了 ， 早上 可以 去 喝 早茶 ， 非常 好吃 。     补充 点评   2007 年 11 月 23 日   ：   不好意思 ， 评错 酒店 了 。 正确 的 应该 是 房间 很大 很 好 ， 缺点 是 地点 比较 偏 。      ,1,0
  5699 入手 的 。 买回来 马上 装 了 XP 系统 。 官方网站 上 都 有 驱动 下载 。 不错 ， 服务 很 好 。    ,1,0
"今天 才 知道 这书 还有 第 6 卷 , 真 有点 郁闷 : 为什么 同一 套书 有 两种 版本 呢 ? 当当网 是不是 该 跟 出版社 商量 商量 , 单独 出个 第 6 卷 , 让 我们 的 孩子 不会 有所 遗憾 。",1,0
经过 几次 在 保定 的 住宿 和 其他 酒店 的 比较 ， 发现 中银 大厦 应该 是 保定 最好 的 酒店 了 。 反正 对 我 来说 只要 去 保定 ， 现在 这里 就是 我 的 根据地 了 。 比 所谓 的 五星 酒店 秀兰 饭店 要 好 。      ,1,0
"我 是 看 了 网上 的 评论 才定 的 该 酒店 , 总结 优点 一是 交通 便利 , 二 还是 交通 便利 ; 别的 确实 差点 ! 环境 不说 , 要求 本来 不高 , 可 入住 三楼 后 发现 外面 是 通风管道 , 嗡嗡 一夜 ! 劝 入住 的 同志 千万别 选 三层 住 ! 设施 也 相对 老化 , 属于 五星 中 的 老年 , 需要 重新 装修 ! 房间 基本 不 通风 和 采光 ! 住 着 比较 憋屈 ! 总之 , 我加 了 好多 银子 , 住 着 不爽 ! 后悔 中 ...... ( 今天 刚 从 香港 回来 .. )              ",1,0
"从 庐山 下来 住 了 一夜 , 第二天 打 出租车 到 长途车 站 乘车 去 黄山 。 这里 就 在 火车站 旁边 ， 如果 坐火车 倒 是 近 。 但是 离 繁华 地区 稍微 有些 距离 。 住宿 不 含 早餐 ， 每位 5 元 一份 。 没有 觉得 有 火车 噪音 ， 好象 夜间 没有 进站 的 车 吧 。 洗澡 的 热水 不错 ， 温度 挺热 ， 随时 都 有 。 车站 边上 的 快餐店 饭菜 口味 极差 ， 千万别 去 吃 。      ",1,0
"整体 尚可 . 优点 很多 就 不 说 了 . 单 就 缺点 罗列 如下 , 望 改进 :     1 , 房 内 夜间 有 异响 . 象是 水滴 或是 气流 的 声音 .     2 , 宽带 要 服务台 开通 才 可 使用 . 开始 不 明白 , 耽误 了 好多 事 .     3 , 被子 感觉 很 不好 , 不透气 , 象 一层 塑料 罩 着 一样 , 很 难受 ( 个人 感受 ) .     4 , 落地灯 插座 没电 . 只好 趴在 桌下 找 桌后 的 插座 .     5 , 卫生间 隔音 不是 一般 的 差 .      ",1,0
  是 LINUX 系统   相当 及其 恶心   不 知道 这狗   日   的 是 什么 想法   要 强行 逼 我们 使用 啊   买 了 两台 电脑   一个 事 VISTA 系统     一个   是   LINUX     就 没见 一个 XP 的     网上 销售 这 东西   最 重要 的 是 打架 尽量 不要 涉及 到 售后服务 这块   尽量 是 都 搞好 了 相安无事   其实 网上 的 售后服务 比 没有 售后服务 还 差劲   我 的 THINKPAD   SL400 就是 因为 换货 期间 以为 是 键盘 小 问题 就 懒得 换 了    ,1,0
  拿到 手 的 时候 不敢相信 就 那么 点 小盒子 。 呵呵 。 不过 包装 了 两个 盒子 ， 还是 比较 保险 的 。 只是 外面 的 赠品 都 是 用 塑料 包 在 一起 的 。 机子 打开 ， 没有 发现 质量 问题 ， 坏点 如 期待 的 一样 ， 千万 不要 也 没有 出现 。 整个 机器 完好 。    ,1,0
  这 款 笔记本 是 很 超值 的 ， 大家 不要 有 任何 误解 ， 安装 其实 也 很 容易 ， 虽然 没有 windows 操作系统 ， 但 这 也 是 好 事情 ， 也 就是 不含 了 软件 费用 。 不要 为此 给予 不好 评价 ， 要 客观 看 问题 。 不 废话 了 ， 说些 实用 的 ， 安装 winXP 有 几点 注意 ：    ,1,0
  比 我 的 14 寸 华硕 轻 很多 ， 放在 随身 包包 里 也 不 吃力   电池 时间 比较 长 ， 如果 出门 看看 片子 ， 或者 上 夜班 ， 基本 不用 带 适配器    ,1,0
  三星 完美 屏 ， 三星 内存 ， 西 数 硬盘 ， 电源适配器 挺 小 的 ， 我装 的 番茄 XP ， 暂时 还 没 黑屏 现象 。    ,1,0
  装 系统 一 开始 不太懂 ！ 有点 麻烦 知道 了 后 ！ 感觉 很 简单 ！ ！ ！ 不错 ！ ！ ！    ,1,0
1 .   酒店设施 比较 旧     2 .   早餐 还是 秉持 较 高 的 水平     3 .   临近 医院     4 .   如果 有 条件 可以 入住 同一个 集团 下 的 就 在 旁边 的 洲际 酒店      ,1,0
通过 携程 预订 ， 入住 3 天 ， 感觉 价格 和 房间 差距 较大 ， 房间 陈旧 、 卫生间 较 小 、 特别 是 电视机 那 叫 一个 破 哦 ， 估计 成都 的 招待所 都 没有 这样 的 电视机 了 。 早餐 不错 ， 服务 没有 体会 到 。 房间 价格 在 158 元 / 间 应该 差不多 了 。      ,1,0
"我 已经 是 三年 第三次 通过 携程 预订 这 间 酒店 了 , 这次 有些 失望 , 酒店 的 服务态度 还是 很 好 , 无可挑剔 , 可是 现在 的 酒店设施 开始 陈旧 , 房间 / 卫生间 , 床 等 已经 掩盖 不了 陈旧 的 痕迹 , 还有 难闻 的 臭味 , 据说 现在 老板 的 注意力 已经 转移 到 发展 华蓥山 酒店 了 , 但是 , 我 觉得 不管 如何 , 你们 的 品牌 还是 要 注意 保持 . 还要 就是 餐厅 , 大堂 播放 的 背景音乐 , 还是 80 年代 的 电子琴 流行音乐 , 实在 没有 品位 档次 . 总之 , 这次 我 对 服务满意 / 对 酒店设施 不 满意 .      ",1,0
7 月 23 日 - 26 日住 了 三晚 ， 338 的 大床 房 ， 床 是 2 米 * 2 米 的 ， 超爽 ， 其它 房间内 设施 一般 ， 稍微 陈旧 了 一点 ， 不过 影响 不 大 ， 跟 破旧 还 差得远 ！ 整体 感觉 这个 价位 还 基本 可以 ， 不过 要是 跟 酒店 四星 的 牌子 比 ， 最多 也 就是 三星 标准 而已 ！     有 一个 问题 请 酒店 方 注意 ， 不 知道 我 这个 是 个案 还是 普遍现象 — — 房间 里 的 电话 竟然 不能 用 ， 连 市话 都 要 收费 ， 而且 还要 交 押金 后 才 开通 ， 这点 来讲 是 我 在 酒店 里头 一次 遇见 ， 确实 有点 夸张 。 既然 开通 ， 干脆 把 电话 撤 了 算了 ， 免得 看着 碍眼 。     宾馆 反馈   2008 年 8 月 11 日   ：   感谢您 选择 入住 我们 宾馆 及 为 我们 提出 的 宝贵意见 。 对 您 提出 的 意见 我们 也 将 及时 做出 整改 。 我们 已 向 领导 反映 领导 也 及时 做出 批示 ， 以后 入住 商务 房型 的 客人 市内电话 一律 免费 。 希望 您 下次 还 能 选择 入住 我们 宾馆 ， 再 给 我们 提出 更 多 宝贵 的 意见 ， 只有 这样 我们 宾馆 才 会 不断 提升 。 最后 ， 再次 感谢您 ！      ,1,0
作为 4 星 酒店 装修 虽较 陈旧 但 还 可以 。 客房 各 等 设备齐全 。 交通 以 的士 为主 。 到 火车站 7 元 ， 关城 10 元 ， 还 算 方便 。 餐厅 服务态度 不错 ， 我们 回来 晚 了 ， 餐厅 就要 下班 了 ， 但 仍 给 我们 炒 了 拨 鱼子 。 仅 14 元 的 生意 ， 等 了 我们 半天 。     对 前台 的 服务 就 不敢恭维 ， 非常 不 喜欢 使用 信用卡 的 旅客 。 要求 我交 现金 ， 并 告知 使用 信用卡 授权 无法 取消 。 被 逼 无奈 ， 我 拿出 钱 夹 给 她 看 ， 里面 只有 130 多元 。 这位 前台 登记 人员 竞 要求 我 给 她 100 元 现金 ， 就 没 想想 我要 出去 吃个 宵夜 ， 打个 车 咋办 ？ 在 我 的 一再 坚持 下 ， 才 使用 了 信用卡 授权 。 其实 在 使用 授权 ， 及 后来 的 取消 授权 和 结账 都 非常 快捷 ， 没有 丝毫 的 麻烦 。 但 就 不 明白 她 为什么 不让 我用 信用卡 。 就 为 这点 事情 足足 耽误 了 好几分钟 。 还 一再 让 我们 在 预定 房价 的 基础 上加 10 元 可以 什么 随便 打电话 ， 难道 我们 来 嘉峪关 旅游 就是 为了 在 酒店 里煲 电话 粥 吗 ？ 我 没 同意 ， 我 告诉 他 我 希望 按 预定 的 价格 ， 她 说 那 就 没房 了 ， 但 我 说 如果 你 不 给 我 安排 ， 我会 去 携程 投诉 。 一听 这话 房子 又 有 了 。      ,1,0
"我订 的 是 贵宾楼 标间 ( 根据 前人 评语 筛选 ) , 最大 特点 是 服务 细节 考虑 得 很 周到 , 送 水果 、 晚报 、 餐巾 盒 ， 甚至 连 浴缸 前 的 垫脚 毛巾 都 铺 好 了 。 特别 提示 ： 因该 酒店 贵宾楼 标间 靠近 马路 ， 所以 房间 分 双层 隔音 玻璃房 和 单层 隔音 玻璃房 ， 如果 你 对于 噪音 比较 敏感 ， 建议 预定 双层 隔音 玻璃房 。      ",1,0
  第一天 下单 付款 ， 第二天 就 送到 ， 可能 是 有 现货 的 缘故 吧 ， 顶一下 ！    ,1,0
这 本书 最能 打动 我 的 就是 它 的 实用性 ， 而且 书 的 质量 和 书店 卖 的 正版书 是 一模一样 的 ， 所以 非常感谢 当当 这个 购书 平台 ， 里面 的 单词 都 是 分类 来 记忆 的 ， 而且 每个 单词 的 出现 都 会 伴随 着 它 的 同义词 和 反义词 等 一块 亮相 ， 这样 记忆 起来 会 方便 很多 ， 而且 每个 单词 都 会 有 与 之 相符合 的 语句 来 搭配 记忆 ， 非常 好 的 一 本书 ！ 书 所付 的 光盘 是 用 在 电脑 上 同步 用 的 ， 可以 在 上班时间 不 翻书 来 偷 老板 的 时间 袄 ！,1,0
房间 很 不错 ， 到底 是 在 比较 偏僻 的 九龙城 ， 所以 房间 就是 比 市区 里面 的 大上 好多 。     如果 不是 时间 很 赶 的 游客 ， 推荐 这家 酒店 。 就是 要 考虑 到 每天 都 会 增加 12 元 港币 的 小巴 费用 。      ,1,0
  A 面 很亮 ， 早上 当 镜子 用 了 一下 。 风扇 声音 很小 。 散热 也 很 好 。 装 系统 的 时候 必须 先 把 C盘 格式化 ， 克隆版 的 XP 要 注意 了 。 现在 在 下 驱动 。    ,1,0
  4399 元 购入 ， 联想 的 售后 比较完善 ， 而且 做 了 这么 多年 的 笔记本 ， 质量 应该 有 保障 的 ！    ,1,0
"这次 是 为 国外 来 的 同事 定 的 , 因为 同事 指定 要 王府井 附近 的 宾馆 , 所以 在 携程 上 找 了 好 多家 相 比较 距离 后 才 选 了 这家 . 以前 没有 去 那边 看过 , 预定 后 有些 担心 . 可是 同事 入住 后 说 , 服务员 态度 很 好 , 房间 对照 价格 来说 算是 相匹配 了 , 虽然 在 装修 期间 , 但 味道 不是 那么 重 . 但是 房间 里 的 地毯 上 还是 有 一点 烟味 的 , 喷 一些 空气 清新剂 再开 一 天窗 就 好 了 . 总的来说 要 逛 王          ",1,0
  光驱 很 方便 卸载 ， 这 是 个 比较 人性化 的 优点 。 而且 分区 可以 用 分区 软件 来 改变 。 遥控器 的 设计 也 蛮 新奇 ， 可以 控制 ppt 的 播放 ^ _ ^ ， 可以 躺 着 看 电影 。    ,1,0
  BIOS 改 一项 就 可以 装 XP ， 附带 的 光盘 有 全部 的 XP 下 的 驱动 ， 装 的 很 顺利    ,1,0
"这里 的 早餐 是 我 看到 的 最差 的 一个 , 基本上 没什么 吃 的 , 就 看到 服务员 在 不 听 的 加 白粥 , 下次 在 来 我 是 不会 住 在 这里 的      ",1,0
还 不错 ， 就是 比较 难 找 ， 因为 长宁路 太长 了 。     打车 的话 ， 司机 一般 也 找 不到 ， 浪费 了 很多 时间 。      ,1,0
"  觉得 还好 , 很 不错 的 电脑 , 20 号 配货 给 我 , 然而 20 号 那天 降价 为何 没帮 我 保值 ? 21 号 又 返现 500 , 我 真晕 了 .    ",1,0
还 不错 ， 可以 住 一下 ， 并且 建议 你 住 高 一点 层次 的 房间      ,1,0
"非常感谢 携程 工号 84392 的 客服 人员 , 帮助 妥善解决 了 由 客人 自己 信用卡 担保 的 失误 , 没有 及时 告知 的 事件 .     下次 有 机会 会 再次 光临 本 宾馆 , 支持 携程      ",1,0
  用 的 还 可以 ， 可惜 不能 帮忙 装 内存条 。 而且 我 同学 的 第二个 盘 双击 就 可以 备份 ， 我 的 不行    ,1,0
"去 之前 在 携城 上 预定 的 是 豪华 行政 单间 ， 打 完折 是 380 元 ，   到 了 那里 接机 服务 还 算 不错 ， 蛮 准时 的 。 司机 也 应 我 要求 先 把 我 送到 另外 一个 我要 去 的 地方 ， 而 不是 直接 去 酒店 check   in 。 他们 同时 也 帮 我 做 了 房间 预留 。 办完 事 16 ： 00 点 我 进 的 酒店 。 进 了 房间 以后 发现 房间 很小 根本 没有 网上 说 的 25cm2 ,   大家 可以 看 我 贴上去 的 照片 ， 床 是 一面 贴着 墙 的 。 因为 这 与 我 预定 的 信息 不符 ,   于是 打电话 去 前台 询问 ， 前台 竟然 说 我定 的 是 三星 标准 的 豪华 行政 单间 ， 现在 给 我 的 是 五星 标准 的 单人间 ， 还 讽刺 地说 “ 如果 你 对 面积 有 一味 的 追求 可以 帮 你 换回来 。 ” 态度 很 不 客气 。 就算 你 房价 是 一样 的 ， 在 给 客人 换房 之前 至少 也 应该 打个招呼 吧 ， 这是 最起码 的 尊重 。 何况 他们 所谓 的 五星 根本 不 符合 五星 标准 。 房间 小 就 不 说 了 ， 洗浴 品 只有 洗发水 ， 没有 浴袍 ， 茶水 篮里 仅 有 一包 绿茶 。 卫星频道 大概 5 个 吧 。     如果 大家 要 去 连云港 ， 我 建议 大家 住 明珠 万豪 ， 虽然 离 市区 稍微 远 一点 ， 但是 服务 和 环境 设施 要 好 的 多 。 服务员 也 很 亲切 ， 符合 他们 对外 挂牌 的 准 五星 水平 。 虽然 加上 明珠 香榭 （ 没住 过 ） ， 3 家 明珠 同属 一个 老板 。 但 感觉 真的 差 很多 。              ",1,0
酒店 的 接待 人员 还是 很 热情 ， 就是 餐厅 的 餐太 难吃 ， 服务 很 好 ， 知道 我们 要 一早 去 酒泉 ， 餐厅 还 在 没 开餐 前 给 我们 打 了 包 ， 很 感谢 ！ 就是 明明 在 那里 住 了 2 天 ， 而且 第二天 还 加开 了 一间 房 。 可是 只 反映 了 一天 一间 ， 害 的 携程 的 工作人员 都 打 了 N 次 电话 核对 ， 真是 以小是 大 ！ 心中 对 这家 酒店 的 感觉 一下 就 十分 不好 。 不要 住 临街 的 ， 窗玻璃 不 隔音 。              ,1,0
【 荐 书 】 第五章 有关 木材 、 石材 、 附录 四 的 明式 家具 实例 增补 是 彩页 的 ， 不过 王老 也 在 书 中 明确 第五章 材质 部分 是 在 表明 其 色泽 和 纹理 的 多样化 。 要 获得 比较 全面 的 认识 ， 作出 比较 准确 的 判断 ， 只有 靠 多 看 实物 ， 多 做 比较 。 仅凭 几张 彩色图片 学会 鉴别 是 很 难 如愿 的 。 421 、 422 彩页 是 未 裁开 的 ， 裁 开时 要 小心 不要 轻易 居中 裁开 否则 会 破坏 折叠 好 的 彩图 。,1,0
好像 第二次 入住 了 ， 这次 的 标间 环境 不好 ， 房间 感觉 不台 干净 ， 电视机 也 不好      ,1,0
  远不如 以前 的 IBM ， 现在 做工 差 ， 模 棱角 及 边缘 有 明显 的 划手 ，   其次 就是 如 细微 观察 ， 就是 两个 笔记 （ 我 买 了 两个 ） 质量 有 明显 区别 ，   上次 买个 lenovo   y430 高 配置 ， 有 问题 ， 还 退掉 了 ， 商品 有 问题 ， 反正 就是 凑合 吧 ！   真心 希望 联想集团 把 一些 代理 了 ， 售后 等 要 严格把关 控制 好别 在 影响 声誉 ， 否则 消费者 倾向 于 其他 品牌 了 ！    ,1,0
金老 编得 不错 ， 但 我 发现 了 很多 错误 哟 ， 哈哈 。 要 本着 怀疑 的 态度 去 治学 。 比如 金 老师 在 书 中 对于 唱白脸 和 红脸 的 解释 就 错 了 ， 按照 京剧 当中 的 说法 ， 红忠 白奸 ； 唱白脸 才 是 Play   the   villain ， 而金 老写 反 了 。 又 如 ： 形容 妻子 可以 用 戏谑 语 Betterhalf ， 而金 老 写成 Bitter   half 了 。 又 有 金 老 在 写 《 四书 》 时 ， 落下 了 《 论语 》 ， 我数 了 半天 ， 只有 三书 … … 虽然 有些 错误 ， 但 读者 细心 的话 ， 可以 辩证 地 来看 。,1,0
如同 大家 所说 的 ， 整个 宾馆 有 一股 霉味 ， 估计 是 地毯 和 不 密闭 不能 开窗 的 问题 ， 如果 对 房间 气味 有 要求 的 网友 绝对 不要 入住 此 酒店 。 不过 该 酒店 位于 海口市 中心 ， 购物 较 方便 。      ,1,0
"地理位置 不错 、 停车场 很大 。     客服 专业 、 房间 也 很 标准 。     宽带 流畅 。     免费 注册   网站 导航   宾馆 索引   服务 说明   关于 携程   诚聘 英才   代理 合作   广告业务   联系 我们     Copyright   1999 - 2008 ,   ctrip . com .   all   rights   reserved .              ",1,0
  风扇 设计 在 笔记本 的 左上角 ， 非常 合理 。 左右 各 2 个 usb 接口 ， 对接 带 供电 的 移动硬盘 来说 很 方便    ,1,0
"看 评论 有 的 说书 太小 ， 不值 ; 有 的 嫌 大带 起来 不 方便 , 个人 量 了 下 尺寸 : 书横 宽 14 厘米 ， 竖长 16 厘米 ， 厚 1.4 厘米 书 的 封面 和 内里 排版 都 很 喜欢 , 纸张 效果 感觉 和 美丽 英文 系列 的 一样 , 没 办法 ， 个人 喜欢 视觉效果 ，   呵呵 看 了 两篇 ， 冰心 先生 的 翻译 真的 很棒 像 有位 读者 评论 的 ， 里面 有 错别字 ， 这到 是 真的 ， 如 60 篇 , 应该 是 ? 空 ? 贝壳 , 但 文章 里 是 ? 宝 ? 贝壳 , 不过 不 影响 阅读 , 自己 都 能 明白 ， 估计 是 校对 的 不 仔细",1,0
  到手 的 是 完美 屏 ， 不过 可视 ( 清晰 ) 角度 比较 小 ， 不知 是不是 笔记本 屏幕 的 通病   拿到 手后 按照 说明书 三放三充 （ 说 的 是 三 充三放 ， 但 打开 就是 93% 的 电 ） ， 放电 的 时候 开着 无线 放歌 ， 估计 能 有 4 个 小时 左右 吧 ， 真的 超出 了 我 的 预期 。   重量 也 比 想象 中轻些 ， 中等水平 吧   没有 什么 多余 的 乱七八糟 的 东西 ， 特别 是 音量 调节 钮是 按键 的 而 不是 触摸式 ， 触摸式 完全 不 实用    ,1,0
酒店 位置 没说的 ， 很 好 ! 就是 大堂 稍微 小气 了 点 ， 还有 房间 的 设施 也 老旧 了 一点 ， 比起 刚 开业 时 的 那种 感觉 逊色 了 很多 ， 不过 还是 挺 喜欢 这家 酒店 !      ,1,0
"  性价比 高 , 键盘 很合手 , 电池 强 无线 打开 6 小时 , 用 外置 光驱 装上 XP , 用 原带 的 驱动 盘 安装 驱动 . 只有 声卡 没有 装 上 , 手工 下载安装 后 , 一切正常 . 装 了 常用软件 速度 很快 . 真的 很值 , 准备 再 买 一台    ",1,0
非常 好 的 酒店 ， 服务 没 的 说 。 到 店 后 知道 我们 是 第一次 入住 ， 给 免费 升级成 公寓 房 ， 房 内 设施 很 好 ， 装修 格调 我 很 喜欢 。 前台 给 送 进 房间 ， 服务员 帮 我们 换好 拖鞋 ， 泡 好 咖啡 。 唯一 遗憾 的 是 停车场 比较 小 ， 大堂 里面 沙发 很少 ， 显得 很 空旷 。 下次 有 机会 一定 还来 这里 。      ,1,0
"房间内 设施 还 不错 , 不过 浴室 的 淋浴 喷头 不好 用 , 水量 不可 调节 , 出水 较散 , 有些 不 象 四星级 的 标准 . 周边环境 尤其 是 酒店 后边 环境 不太好 , 大堂 也 太小 了 吧 .      ",1,0
"对于 四年级 的 儿子 来说 , 读 起来 有点 艰涩 . 因为 每 一篇 , 前面 的 铺垫 都 很长 , 而且 是 译本 , 有些 读 起来 就 有点 费劲 , 所以 我 估计 他会 没什么 兴趣 . 但 没想到 , 非常 喜欢 看 , 晚上 睡觉 前 , 总要 看 上 一会 . 看 完 以后 还 和 我 说 , 这个 作者 的 文章 都 很 有 深度 , 写作 手法 也 蛮 特别 , 基本上 要 看到 最后 才能 知道 , 发生 了 什么 , 还 说 以后 要 学学 这种 写法 . 听到 他 这么 有 想法 的话 , 我 又 赶紧 在 当当 上 给 他 买 了 些 书 . 呵呵",1,0
我 的 英语 还 算 可以 ， 打算 买 这 本书 之前 就 听 别人 说 过 这 本书 挺 好 的 。 但 还是 不 放心 ， 就 去 书店 看 了 一下 大概 。 本来 想 三本 都 一起 买 ， 但 第一本 — — 也 就是 初级教程 — — 对于 我 这种 英文 水平 的 人 来说 太 过于 简单 ， 所以 就 直接 买 第二本 了 。 挺 好 的 一 本书 ， 大家 如果 英语 基础 已经 过 了 四级 ， 甚至 过 了 三级 ， 完全 可以 从 这 本书 开始 学习 英语语法 ， 而且 里面 的 内容 也 非常 实用 。 我 很 喜欢 这 本书 ！,1,0
刚才 提到 的 如家 快捷酒店 ， 应该 是   如 家   深圳 火车站 店 ， 在 渔民 村小 区内 。      ,1,0
  质量 很 好 ， 散热 很 好 ， 3 - 4 小时 ， 温热 。 vista 系统 不用 重新 装 ， 参考 联想 中 的 提问 解答 ， 可以 屏蔽掉 很多 功能 ， 提高 速度 ， 最终 效果 和 xp 开机 速度 差不多 ， 2g 标配 + 1g 赠送 的 内存 ， 也 够用 了 。 注意 在 关闭 启动项 的 时候 ， 侦测 震动 的 那个 功能 不要 关 ， 那个 是 保护 硬盘 的 。 卖 咖啡 不要 装 ， office 试用版 不要 装 。 硬盘 用 第三方 软件 分 ， 否则 只能 释放 出 89g 。 原装 鼠标 相当 好 ， 就是 小 了 点 。    ,1,0
座落在 华侨城 ， 环境优美 ， 房间 也 大 ， 服务 按 ５ 星级 标准 还 应 再 提高      ,1,0
"比较 遗憾 的 是 ,   中译本 略去 了 原书 第 1 卷 第 1 章 第 4 节 .   这 一节 是 介绍 当时 的 计算机 器   ( calculating   machines )   的 .   虽然 那些 机器 现在 已经 不用 了 ,   但 了解 一下 又 何妨 ?   我本 想 把 该节 的 内容 放在 这里 ,   但是 由于 字数 限制 ,   只好 作罢 .",1,0
就是 隔音 比较 差 ，   房间 外人 说话 一清二楚 。     其他 都 可以 ，   在 赣州 都 敢 有 什么 奢求 了      ,1,0
"酒店 是 国航 酒店 , 入住 可以 累计 国航 里程 . 这点 比较 好 .     早晨 种类 很多 , 推荐 入住      ",1,0
  降价 太快 ~     早 找到 就 多 等 几天 了     才 一个月 就 降 了 500   现在 还 送 无线 路由器 。 哭 ~ ~ ~    ,1,0
我定 的 是 大床 房间 ， 房间 够 大 ， 如果 没有 其他 需求 睡觉 是 够 了 ， 床 舒服 。     洗手间 虽然 该 有 的 都 有 ， 但 装修 简陋 。     酒店 人员 的 服务 80 分 ， 不要 和 四星级 五星级 比较 啦 。     打车 到 虹桥机场 18 元 ， 从 机场 来时 被 司机 绕 了 弯子 ， 花掉 33 元 。 大家 注意 。      ,1,0
  又 加配 了 一条 2G   DDR   800 的 内存 。 装 了 XP   DELL   OEM 版 。 速度 没有 问题 。 我 平常 就是 一些 文字处理 。 WI - FI 信号 很 好 ， 比 我 上次 使用 的 D630 要强 一些 。    ,1,0
空调 声音 太大 了 。 。 。 早餐 可以 去 南翔 包子 吃 （ 出门 左走 100 米 ） 。      ,1,0
此次 （ 第 N + 1 次 ） 入住 ， 虽然 本人 预先 已经 而且 是 特意 在 携程 的 订单 上 注明 “ 请 务必 通知 酒店 在 房间内 为 本人 准备 一个 行李架 ” ， 但 办理 入住 手续 的 时候 还是 发现 酒店 并 没有 准备 好 。 。 。     所幸 前台 一个 名叫 Angela 的 美丽 经理 及时 做 了 妥善处理 ， 本人 比较满意 ， 在 此 也 对 其 （ 请 注意 ， 是 对 Angela 本人 ， 而 不是 对 酒店 ） 表示感谢 ！      ,1,0
我 是 买 了 第一辑 之后 ， 看 儿子 那么 喜欢 ， 就 把 后 三辑 全部 买回来 了 ， 《 我 的 第一 本书 》 与 《 会 讲故事 的 单词 书 》 《 会 跳 的 图画 词典 》 三 本书 会 有些 单词 场景 重复 ， 但 不 影响 他 本身 的 价值 。 我 的 英文 基础 不怎么 好 ， 在 海外 生活 的 一段时间 了 ， 学 单词 就 从 《 会 讲故事 的 单词 书 》 学起 了 。 总 的 想 说 ， 男孩 如果 喜欢 车 ， 就 给 他 买 这个 系列 的 书 ， 准是 没错 。 我 儿子 现在 二岁 半 ， 《 轱辘 轱辘 转 》 已经 被 他 翻烂 了 。,1,0
"又 一次 入住 , 服务 一如既往 , 无可挑剔 , 但 就是 携程 的 价格 有点 贵 了 ~      ",1,0
很 一般 的 酒店 ， 因为 定 不到 赣电 了 勉强 入住 下 吧      ,1,0
酒店 地段 尚可 ， 离 火车站 和 沃尔玛 超市 比较 近 （ 需要 打车 ） ， 大厅 和 前面 的 停车场 都 比较 宽畅 。 房间 里 设施 也 不错 ， 不足 之错 有 三点 ： 一 、 网络 不 稳定 ， 好几个 房间 上 不了 网 ， 网线 和 插口 很 破旧 ， 偶尔 会 断线 。 二 、 大厅 小卖部 铁将军把门 ， 想 买点 东西 需要 去 外面 买 。 三 、 餐厅 提供 的 经济 套餐 名不符实 ， 25 元 的 套餐 跟 外面 卖 5 块钱 的 差不多 ！     宾馆 反馈   2008 年 3 月 27 日   ：   尊敬 的 客户 ： 您好 ！ 感谢 你 对 金城 大酒店 的 支持 ， 对于 你 反映 的 三个 问题 我们 已经 反馈 到 酒店 相关 部门 。 谢谢 ！      ,1,0
距 拱北 关口 近 ， 标准间 太小 ， 豪华 大床 不错 ， 服务 好     早餐 不好 太 草率 了 其他 還不錯      ,1,0
比 想象 的 要 好 。   看来 金钥匙 联盟 还是 有 一定 的 质量 控制 的 。 房间 设施 还 可以 ， 就是 烟味 太重 。 回来 睡衣 上 全是 烟味 。 早餐 很 一般 ， 可 选择 的 东西 少 。 不过 那个 巴基斯坦 服务生 态度 倒 是 很 好 。 就 在 鸭绿江 边上 ， 周边环境 到 还 可以      ,1,0
"我 是 7 - 10 号 入住 的 豪华 海景 大床 房 ， 通过 携程 预定 之前 ， 曾 给 蓝天 宾馆 打 过 电话 ， 当时 是 告知 我 没房 了 ， 我 还 比较 郁闷 。 但是 就 抱 着 试试看 的 想法 ， 在 携程 提交 了 一个 订单 ， 没想到 居然 给我发 短信 确认 了 ！ 当时 我 还 很 是 惊讶 ， 因为 我 是 带 着 宝宝 去 的 ， 怕 有误 。 后来 到达 威海 后 打电话 给 总台 确认 一下 ， 告诉 我 预定 没 问题 。 这才 放心 下来 。     不愧 是 携程 网友 评价 最高 的 酒店 。 服务 比较 好 ， 还 提前 为 我们 准备 好 了 婴儿床 ， 整体 服务员 的 待人接物 都 很 礼貌 热情 。 海景 被 前面 的 启明 假日酒店 破坏 了 一些 ， 但 还是 不错 的 ， 躺 在 床上 就 可以 看到 海 。 早餐 也 不错 ， 很 丰富 ， 有 中式 、 西式 、 南朝鲜 式 ， 日式 的 。 我 个人 喜欢 西式 的 早餐 ， 樱桃 巧克力 奶油 布丁 和 蛋挞 都 不错 ， 蛋挞 还是 冰过 的 ， LP 喝粥 的 时候 小声 跟 我 随便 说 了 一句 忘 再 拿 个 勺子 了 ， 服务员 听到 就 给 拿来 ， 还 主动 为 我 的 宝宝 准备 婴儿 椅 。 我 都 想 把 早餐 当 午餐 来 吃 了 ， 哈哈 。     以后 如果 去 威海 度假 ， 还 住 这里 ！     提个 小 建议 ： 晚报 可以 每天 送 一份 ， 那 东西 不过 块 八毛 的 ， 我 在 广州 住 过 酒店 每天 都 给 送 羊城晚报 。 水果 也 可以 每天 送 两个 ， 一般 出来 玩 一天 回来 的 客人 吃个 桃子 或 小 柿子 还是 很 高兴 的 ， 成本 也 不过 一两块 ， 呵呵 。     补充 点评   2008 年 7 月 11 日   ：   忘记 说 了 ， 第一天 住 在 那里 浴缸 的 下 水阀 似乎 不 严实 ， 漏水 比较 快 ， 导致 我放 的 大半 缸 水漏 下去 不少 ， 洗澡 就 只能 边放 水边 泡澡 ， 这 就 哗哗 响 而且 不 环保 浪费 水 。 第二天 早上 出去 的 时候 跟 服务员 说 了 ， 晚上 回来 发现 应该 是 处理 过 了 ， 不漏 了 。 服务 还是 比较 上心 的 。 但是 后来 ， 还是 有些 小漏 ， 呵呵 。     宾馆 反馈   2008 年 7 月 11 日   ：   尊敬 的 宾客 ， 您好 ， 感谢您 的 留言 ！ 您 提出 的 需求 , 我们 将 尽力 满足 ， 欢迎 你 提出 宝贵 的 建议 ， 也 希望 在 您 下次 入住 的 时候 为 为 您 提供 更 优质 的 服务 。      ",1,0
太 一般 了   网络 慢 的 跟 蜗牛 一个 等级   还 高速 呢   真晕     补充 点评   2008 年 4 月 2 日   ：   也 没 早餐     点评          ,1,0
您好 ， 什么 时候 才能 在 当当网 上 看见 在 建筑 公司 当 会计 ， 我 把 三 本书 都 看 完 了 。 感觉 还 想 立即 买到 下 一本 抱 着 看 。 您 写 的 太好了 ， 让 人 有 兴趣 学 会计 。 心里 想着 怎么 干 好 会计 。 好像 自己 就 在 当 会计 ， 对于 准备 进入 这 一行 和 在 这行 干 出纳 的 朋友 们 来说 ， 买 一本 看看 真是 好 。,1,0
  东东 还 算 不错 。 重装系统 时 ， 网上 查不到 怎么 修改 BIOS ， 才能 安装 ？ 问题 请 帮忙 解决 ！    ,1,0
挂 五星 实在 有些 牵强 。 卫生间 太小 ， 还 不如 呼市 国航 四星 的 大 ， 房间 暖风 给 的 太早 ， 又 没有 冷风 和 换气 ， 热 的 人 实在 难受 ， 只得 开着 窗 ， 开窗 又 太 吵 。 早晨 赶 飞机 结帐 ， 必须 等 服务员 查房 ， 简直 就是 三星级 服务 ， 呼市 的 国航 四星 都 不 查房 了 ， 十几位 客人 在 大厅 里 等 ， 大家 都 很 奇怪 ： 这样 的 房间 有 什么 可 拿 的 ？ 不 知道 他们 查 什么 。 唯一 还行 的 就是 410 一天 房价 了 ， 但 当地人 还是 说 太贵 ， 等 香格里拉 开业 ， 这里 也 就 250 了 。      ,1,0
"非常 好 的 酒店 , 除了 前台 的 服务态度 .     房间 设施 非常 好 , 飞利浦 的 液晶彩电 , 还有 电脑 备用 .     只是 , 可能 因为 是 通过 携程 预定 而 非 直接 预定 的 原因 , 房间 的 位置 非常 差 .      ",1,0
总体 还 可以 ， 早餐 很 丰富 ， 我 一般 吃 过 早饭 连 午饭 都 不用 吃 了 。 没有 像 其他人 说 的 那些 问题 ， 不过 最 不能 忍受 的 是 房间 的 味道 真的 是 难闻 ， 应该 是 中水 的 味道 吧 ， 我 几乎 是 天天 开窗 。      ,1,0
